id,title_orig,path,reason
6994,1703,P:\сериалы\03 1703,Exists on other drives: ['S:\\фильмы\\1703.S01.2022.WEB-DL.720p']
7038,Aktrisy,Q:\сериалы\08 Aktrisy.S01.2023.WEBRip.1080p,Exists on other drives: ['S:\\фильмы\\Aktrisy.S01.2023.WEBRip.1080p']
7194,An Awful Thing Has Gone and Happened,W:\фильмы\An.Awful.Thing.Has.Gone.and.Happened.1080p.WEB-DL.mkv,"Exists on other drives: ['E:\\фильмы\\130. Ужасная вещь прошла и случилась (An Awful Thing Has Gone and Happened, 2022) 2022.mkv']"
6964,Before Sunset,P:\фильмы\02 Before.Sunset.2004.AVO.Serbin.avi,Exists on other drives: ['S:\\фильмы\\Before.Sunset.2004.AVO.Serbin.avi']
8399,Biheppi,O:\Сериалы\08 Biheppi.2019,Exists on other drives: ['S:\\фильмы\\Biheppi.2019.WEB-DL.(1080p).Getty']
6996,Escape at Dannemora,P:\сериалы\08 Escape.at.Dannemora.2018.S01.1080p.AMZN.WEB-DL.H.264.RUS.LF.DDP5.1,Exists on other drives: ['T:\\сериалы\\02 Escape.at.Dannemora.2018.S01.1080p.AMZN.WEB-DL.H.264.RUS.LF.DDP5.1']
6968,Insomnia,P:\фильмы\Bessonntsa_2002_BDRip_by_Dalemake.avi,"Exists on other drives: ['Z:\\сериалы\\17. Бессонница (Insomnia, 2024) 2024', 'E:\\фильмы\\87. Бессонница (Insomnia, 2002) 2002.mkv']"
6976,Jackie Brown,P:\фильмы\Jackie_Brown-[nnm-club.ru].avi,Exists on other drives: ['E:\\сериалы\\17. Джеки Браун (Jackie Brown) 1997']
6966,La La Land,P:\фильмы\05 La.La.Land.(480p).(pk).m4v,Exists on other drives: ['S:\\фильмы\\La.La.Land.(480p).(pk).m4v']
8390,Match Point,O:\Фильмы\Match Point.avi,Exists on other drives: ['S:\\фильмы\\Match Point.avi']
8391,Mon roi,O:\Фильмы\Mon.roi.2015.BDRip-ylnian.avi,Exists on other drives: ['S:\\фильмы\\Mon.roi.2015.BDRip-ylnian.avi']
8393,Monarch: Legacy of Monsters,O:\Сериалы\01 Monarch,Exists on other drives: ['S:\\сериалы\\03. Монарх Наследие монстров (Monarch Legacy of Monsters) 2023']
7033,Ojingeo Geim,Q:\сериалы\02 Игра в кальмара,Exists on other drives: ['K:\\сериалы\\Squid Game 2 - LostFilm.TV [1080p]']
7041,Restoran po ponyatiyam,Q:\сериалы\12 Restoran.po.ponyatiyam.S02.2022.WEBRip.1080p,Exists on other drives: ['S:\\фильмы\\Restoran.po.ponyatiyam.S02.2022.WEBRip.1080p']
7197,Scrubs,W:\сериалы\03 Клиника (Scrubs),Exists on other drives: ['Z:\\сериалы\\12. Клиника (Scrubs) (1–9 сезоны) 2001']
8196,Scrubs,W:\сериалы\03 Клиника (Scrubs)\Scrubs Season 1 1080 AI,Exists on other drives: ['Z:\\сериалы\\12. Клиника (Scrubs) (1–9 сезоны) 2001']
8206,Scrubs,W:\сериалы\03 Клиника (Scrubs)\Scrubs Season 1 1080 AI\Scrubs S01E10 My Nickname.mkv,Exists on other drives: ['Z:\\сериалы\\12. Клиника (Scrubs) (1–9 сезоны) 2001']
8207,Scrubs,W:\сериалы\03 Клиника (Scrubs)\Scrubs Season 1 1080 AI\Scrubs S01E11 My Own Personal Jesus.mkv,Exists on other drives: ['Z:\\сериалы\\12. Клиника (Scrubs) (1–9 сезоны) 2001']
8211,Scrubs,W:\сериалы\03 Клиника (Scrubs)\Scrubs Season 1 1080 AI\Scrubs S01E15 My Bed Banter & Beyond.mkv,Exists on other drives: ['Z:\\сериалы\\12. Клиника (Scrubs) (1–9 сезоны) 2001']
8212,Scrubs,W:\сериалы\03 Клиника (Scrubs)\Scrubs Season 1 1080 AI\Scrubs S01E16 My Heavy Meddle.mkv,Exists on other drives: ['Z:\\сериалы\\12. Клиника (Scrubs) (1–9 сезоны) 2001']
8214,Scrubs,W:\сериалы\03 Клиника (Scrubs)\Scrubs Season 1 1080 AI\Scrubs S01E18 My Tuscaloosa Heart.mkv,Exists on other drives: ['Z:\\сериалы\\12. Клиника (Scrubs) (1–9 сезоны) 2001']
8217,Scrubs,W:\сериалы\03 Клиника (Scrubs)\Scrubs Season 1 1080 AI\Scrubs S01E21 My Sacrificial Clam.mkv,Exists on other drives: ['Z:\\сериалы\\12. Клиника (Scrubs) (1–9 сезоны) 2001']
8221,Scrubs,W:\сериалы\03 Клиника (Scrubs)\Scrubs Season 2 1080 AI,Exists on other drives: ['Z:\\сериалы\\12. Клиника (Scrubs) (1–9 сезоны) 2001']
8237,Scrubs,W:\сериалы\03 Клиника (Scrubs)\Scrubs Season 2 1080 AI\Scrubs S02E16 My Karma.mkv,Exists on other drives: ['Z:\\сериалы\\12. Клиника (Scrubs) (1–9 сезоны) 2001']
8244,Scrubs,W:\сериалы\03 Клиника (Scrubs)\Scrubs Season 3 1080 AI,Exists on other drives: ['Z:\\сериалы\\12. Клиника (Scrubs) (1–9 сезоны) 2001']
8249,Scrubs,"W:\сериалы\03 Клиника (Scrubs)\Scrubs Season 3 1080 AI\Scrubs S03E05 My Brother, Where Art Thou.mkv",Exists on other drives: ['Z:\\сериалы\\12. Клиника (Scrubs) (1–9 сезоны) 2001']
8250,Scrubs,W:\сериалы\03 Клиника (Scrubs)\Scrubs Season 3 1080 AI\Scrubs S03E06 My Advice to You.mkv,Exists on other drives: ['Z:\\сериалы\\12. Клиника (Scrubs) (1–9 сезоны) 2001']
8254,Scrubs,W:\сериалы\03 Клиника (Scrubs)\Scrubs Season 3 1080 AI\Scrubs S03E10 My Rule of Thumb.mkv,Exists on other drives: ['Z:\\сериалы\\12. Клиника (Scrubs) (1–9 сезоны) 2001']
8260,Scrubs,W:\сериалы\03 Клиника (Scrubs)\Scrubs Season 3 1080 AI\Scrubs S03E16 My Butterfly.mkv,Exists on other drives: ['Z:\\сериалы\\12. Клиника (Scrubs) (1–9 сезоны) 2001']
8267,Scrubs,W:\сериалы\03 Клиника (Scrubs)\Scrubs Season 4 1080 AI,Exists on other drives: ['Z:\\сериалы\\12. Клиника (Scrubs) (1–9 сезоны) 2001']
8271,Scrubs,W:\сериалы\03 Клиника (Scrubs)\Scrubs Season 4 1080 AI\Scrubs S04E04 My First Kill.mkv,Exists on other drives: ['Z:\\сериалы\\12. Клиника (Scrubs) (1–9 сезоны) 2001']
8272,Scrubs,W:\сериалы\03 Клиника (Scrubs)\Scrubs Season 4 1080 AI\Scrubs S04E05 Her Story.mkv,Exists on other drives: ['Z:\\сериалы\\12. Клиника (Scrubs) (1–9 сезоны) 2001']
8274,Scrubs,W:\сериалы\03 Клиника (Scrubs)\Scrubs Season 4 1080 AI\Scrubs S04E07 My Common Enemy.mkv,Exists on other drives: ['Z:\\сериалы\\12. Клиника (Scrubs) (1–9 сезоны) 2001']
8277,Scrubs,W:\сериалы\03 Клиника (Scrubs)\Scrubs Season 4 1080 AI\Scrubs S04E10 My Female Trouble.mkv,Exists on other drives: ['Z:\\сериалы\\12. Клиника (Scrubs) (1–9 сезоны) 2001']
8293,Scrubs,W:\сериалы\03 Клиника (Scrubs)\Scrubs Season 5 1080 AI,Exists on other drives: ['Z:\\сериалы\\12. Клиника (Scrubs) (1–9 сезоны) 2001']
8295,Scrubs,W:\сериалы\03 Клиника (Scrubs)\Scrubs Season 5 1080 AI\Scrubs S05E02 My Rite of Passage.mkv,Exists on other drives: ['Z:\\сериалы\\12. Клиника (Scrubs) (1–9 сезоны) 2001']
8297,Scrubs,W:\сериалы\03 Клиника (Scrubs)\Scrubs Season 5 1080 AI\Scrubs S05E04 My Jiggly Ball.mkv,Exists on other drives: ['Z:\\сериалы\\12. Клиника (Scrubs) (1–9 сезоны) 2001']
8303,Scrubs,W:\сериалы\03 Клиника (Scrubs)\Scrubs Season 5 1080 AI\Scrubs S05E09 My Half-Acre.mkv,Exists on other drives: ['Z:\\сериалы\\12. Клиника (Scrubs) (1–9 сезоны) 2001']
8304,Scrubs,W:\сериалы\03 Клиника (Scrubs)\Scrubs Season 5 1080 AI\Scrubs S05E10 Her Story II.mkv,Exists on other drives: ['Z:\\сериалы\\12. Клиника (Scrubs) (1–9 сезоны) 2001']
8305,Scrubs,W:\сериалы\03 Клиника (Scrubs)\Scrubs Season 5 1080 AI\Scrubs S05E11 My Buddys Booty.mkv,Exists on other drives: ['Z:\\сериалы\\12. Клиника (Scrubs) (1–9 сезоны) 2001']
8306,Scrubs,W:\сериалы\03 Клиника (Scrubs)\Scrubs Season 5 1080 AI\Scrubs S05E12 My Cabbage.mkv,Exists on other drives: ['Z:\\сериалы\\12. Клиника (Scrubs) (1–9 сезоны) 2001']
8308,Scrubs,W:\сериалы\03 Клиника (Scrubs)\Scrubs Season 5 1080 AI\Scrubs S05E14 My Own Personal Hell.mkv,Exists on other drives: ['Z:\\сериалы\\12. Клиника (Scrubs) (1–9 сезоны) 2001']
8309,Scrubs,W:\сериалы\03 Клиника (Scrubs)\Scrubs Season 5 1080 AI\Scrubs S05E15 My Extra Mile.mkv,Exists on other drives: ['Z:\\сериалы\\12. Клиника (Scrubs) (1–9 сезоны) 2001']
8310,Scrubs,W:\сериалы\03 Клиника (Scrubs)\Scrubs Season 5 1080 AI\Scrubs S05E16 My Bright Idea.mkv,Exists on other drives: ['Z:\\сериалы\\12. Клиника (Scrubs) (1–9 сезоны) 2001']
8311,Scrubs,W:\сериалы\03 Клиника (Scrubs)\Scrubs Season 5 1080 AI\Scrubs S05E17 My Chopped Liver.mkv,Exists on other drives: ['Z:\\сериалы\\12. Клиника (Scrubs) (1–9 сезоны) 2001']
8314,Scrubs,W:\сериалы\03 Клиника (Scrubs)\Scrubs Season 5 1080 AI\Scrubs S05E20 My Lunch.mkv,Exists on other drives: ['Z:\\сериалы\\12. Клиника (Scrubs) (1–9 сезоны) 2001']
8317,Scrubs,W:\сериалы\03 Клиника (Scrubs)\Scrubs Season 5 1080 AI\Scrubs S05E23 My Urologist .mkv,Exists on other drives: ['Z:\\сериалы\\12. Клиника (Scrubs) (1–9 сезоны) 2001']
8319,Scrubs,W:\сериалы\03 Клиника (Scrubs)\Scrubs Season 6 1080 AI,Exists on other drives: ['Z:\\сериалы\\12. Клиника (Scrubs) (1–9 сезоны) 2001']
8321,Scrubs,W:\сериалы\03 Клиника (Scrubs)\Scrubs Season 6 1080 AI\Scrubs S06E02 My Best Friends Babys Baby and My Babys Baby.mkv,Exists on other drives: ['Z:\\сериалы\\12. Клиника (Scrubs) (1–9 сезоны) 2001']
8326,Scrubs,W:\сериалы\03 Клиника (Scrubs)\Scrubs Season 6 1080 AI\Scrubs S06E07 His Story IV.mkv,Exists on other drives: ['Z:\\сериалы\\12. Клиника (Scrubs) (1–9 сезоны) 2001']
8341,Scrubs,W:\сериалы\03 Клиника (Scrubs)\Scrubs Season 6 1080 AI\Scrubs S06E22 My Point of No Return.mkv,Exists on other drives: ['Z:\\сериалы\\12. Клиника (Scrubs) (1–9 сезоны) 2001']
8342,Scrubs,W:\сериалы\03 Клиника (Scrubs)\Scrubs Season 7 1080 AI,Exists on other drives: ['Z:\\сериалы\\12. Клиника (Scrubs) (1–9 сезоны) 2001']
8346,Scrubs,W:\сериалы\03 Клиника (Scrubs)\Scrubs Season 7 1080 AI\Scrubs S07E04 My Identity Crisis.mkv,Exists on other drives: ['Z:\\сериалы\\12. Клиника (Scrubs) (1–9 сезоны) 2001']
8349,Scrubs,W:\сериалы\03 Клиника (Scrubs)\Scrubs Season 7 1080 AI\Scrubs S07E07 My Bad Too.mkv,Exists on other drives: ['Z:\\сериалы\\12. Клиника (Scrubs) (1–9 сезоны) 2001']
8351,Scrubs,W:\сериалы\03 Клиника (Scrubs)\Scrubs Season 7 1080 AI\Scrubs S07E09 My Dumb Luck.mkv,Exists on other drives: ['Z:\\сериалы\\12. Клиника (Scrubs) (1–9 сезоны) 2001']
8354,Scrubs,W:\сериалы\03 Клиника (Scrubs)\Scrubs Season 8 1080 AI,Exists on other drives: ['Z:\\сериалы\\12. Клиника (Scrubs) (1–9 сезоны) 2001']
8357,Scrubs,W:\сериалы\03 Клиника (Scrubs)\Scrubs Season 8 1080 AI\Scrubs 8x03 My Saving Grace.avi,Exists on other drives: ['Z:\\сериалы\\12. Клиника (Scrubs) (1–9 сезоны) 2001']
8374,Scrubs,W:\сериалы\03 Клиника (Scrubs)\Scrubs Season 9 1080 AI,Exists on other drives: ['Z:\\сериалы\\12. Клиника (Scrubs) (1–9 сезоны) 2001']
8376,Scrubs,W:\сериалы\03 Клиника (Scrubs)\Scrubs Season 9 1080 AI\Scrubs 9x02 Our Drunk Friend.avi,Exists on other drives: ['Z:\\сериалы\\12. Клиника (Scrubs) (1–9 сезоны) 2001']
6970,The Man Who Sold His Skin,P:\фильмы\CHelovek.kotoryj.prodal.svoyu.kozhu.2020.WEB-DLRip.avi,"Exists on other drives: ['E:\\фильмы\\77. Человек, который продал свою кожу (The Man Who Sold His Skin, 2020) 2020.mkv']"
8402,The Tudors,O:\Сериалы\11 Тюдоры,Exists on other drives: ['S:\\сериалы\\34. Тюдоры (The Tudors) 2007']
6987,Wag the Dog,P:\фильмы\Mahat.sobakoy_aka_Plutovstvo.1997.DVDRip.XviD-DeMon.avi,"Exists on other drives: ['E:\\фильмы\\74. Плутовство (Wag the Dog, 1997) 1997.avi']"
6991,Петербург. Только по любви,Q:\фильмы\01 Петербург. Только по любви.m4v,Exists on other drives: ['S:\\фильмы\\Peterburg.Tolko.po.lyubvi.(480p).(pk).m4v']
