title,disks,paths,candidates_for_deletion
"47. Сердцеедки (Heartbreakers, 2001) 2001","ДИСК 2,ДИСК 2","X:\фильмы\47. Сердцеедки (Heartbreakers, 2001) 2001.avi,X:\фильмы\47. Сердцеедки (Heartbreakers, 2001) 2001.mkv","['X:\\фильмы\\47. Сердцеедки (Heartbreakers', 'X:\\фильмы\\47. Сердцеедки (Heartbreakers']"
"500 дней лета (500) Days of Summer, 2009","ДИСК 1,ДИСК 1,ДИСК 1,ДИСК 1,ДИСК 10","S:\фильмыŀ дней лета,S:\фильмы\500 дней лета,K:\сериалы\500 дней лета","['S:\\фильмыŀ дней лета', 'S:\\фильмы\\500 дней лета']"
Match Point,"ДИСК 1,ДИСК 17","S:\фильмы\Match Point.avi,O:\Фильмы\Match Point.avi",['S:\\фильмы\\Match Point.avi']
Mon.roi.2015.BDRip-ylnian,"ДИСК 1,ДИСК 17","S:\фильмы\Mon.roi.2015.BDRip-ylnian.avi,O:\Фильмы\Mon.roi.2015.BDRip-ylnian.avi",['S:\\фильмы\\Mon.roi.2015.BDRip-ylnian.avi']
Любовь.Морковь.1.46.(Logan1995),"ДИСК 1,ДИСК 10","S:\фильмы\Любовь.Морковь.1.46.(Logan1995).avi,K:\фильмы\Любовь.Морковь.1.46.(Logan1995).avi",['S:\\фильмы\\Любовь.Морковь.1.46.(Logan1995).avi']
Пуаро Агаты Кристи: Дама под вуалью (S02E00),"ДИСК 12,ДИСК 12","R:\сериалы\Agatha Christie's Poirot\Season 2\02 The Veiled Lady (HD).m4v,R:\сериалы\Agatha Christie's Poirot\Season 2\02 The Veiled Lady.m4v","[""R:\\сериалы\\Agatha Christie's Poirot\\Season 2\\02 The Veiled Lady (HD).m4v"", ""R:\\сериалы\\Agatha Christie's Poirot\\Season 2\\02 The Veiled Lady.m4v""]"
Пуаро Агаты Кристи: Дело на балу «Виктория» (1991),"ДИСК 12,ДИСК 12","R:\сериалы\Agatha Christie's Poirot\Season 3\10 Affair at the Victory Ball (HD).m4v,R:\сериалы\Agatha Christie's Poirot\Season 3\10 Affair at the Victory Ball.m4v","[""R:\\сериалы\\Agatha Christie's Poirot\\Season 3\\10 Affair at the Victory Ball (HD).m4v"", ""R:\\сериалы\\Agatha Christie's Poirot\\Season 3\\10 Affair at the Victory Ball.m4v""]"
Пуаро Агаты Кристи: Загадочное происшествие в Стайлз (S03E00),"ДИСК 12,ДИСК 12","R:\сериалы\Agatha Christie's Poirot\Season 3\01 The Mysterious Affair at Styles (HD).m4v,R:\сериалы\Agatha Christie's Poirot\Season 3\01 The Mysterious Affair at Styles.m4v","[""R:\\сериалы\\Agatha Christie's Poirot\\Season 3\\01 The Mysterious Affair at Styles (HD).m4v"", ""R:\\сериалы\\Agatha Christie's Poirot\\Season 3\\01 The Mysterious Affair at Styles.m4v""]"
Пуаро Агаты Кристи: Зло под солнцем (S08E00),"ДИСК 12,ДИСК 12","R:\сериалы\Agatha Christie's Poirot\Season 8\01 Evil Under the Sun (HD).m4v,R:\сериалы\Agatha Christie's Poirot\Season 8\01 Evil Under the Sun.m4v","[""R:\\сериалы\\Agatha Christie's Poirot\\Season 8\\01 Evil Under the Sun (HD).m4v"", ""R:\\сериалы\\Agatha Christie's Poirot\\Season 8\\01 Evil Under the Sun.m4v""]"
Пуаро Агаты Кристи: Квартира на третьем этаже (The Third Floor Flat),"ДИСК 12,ДИСК 12","R:\сериалы\Agatha Christie's Poirot\Season 1\05 The Third Floor Flat (HD).m4v,R:\сериалы\Agatha Christie's Poirot\Season 1\05 The Third Floor Flat.m4v","[""R:\\сериалы\\Agatha Christie's Poirot\\Season 1\\05 The Third Floor Flat (HD).m4v"", ""R:\\сериалы\\Agatha Christie's Poirot\\Season 1\\05 The Third Floor Flat.m4v""]"
Пуаро Агаты Кристи: Лощина (The Hollow),"ДИСК 12,ДИСК 12","R:\сериалы\Agatha Christie's Poirot\Season 9\04 The Hollow (HD).m4v,R:\сериалы\Agatha Christie's Poirot\Season 9\04 The Hollow.m4v","[""R:\\сериалы\\Agatha Christie's Poirot\\Season 9\\04 The Hollow (HD).m4v"", ""R:\\сериалы\\Agatha Christie's Poirot\\Season 9\\04 The Hollow.m4v""]"
Пуаро Агаты Кристи: Миссис Макгинти с жизнью рассталась (S11E00),"ДИСК 12,ДИСК 12","R:\сериалы\Agatha Christie's Poirot\Season 11\01 Mrs McGinty's Dead (HD).m4v,R:\сериалы\Agatha Christie's Poirot\Season 11\01 Mrs McGinty's Dead.m4v","[""R:\\сериалы\\Agatha Christie's Poirot\\Season 11\\01 Mrs McGinty's Dead (HD).m4v"", ""R:\\сериалы\\Agatha Christie's Poirot\\Season 11\\01 Mrs McGinty's Dead.m4v""]"
Пуаро Агаты Кристи: Невероятная кража (S01E00),"ДИСК 12,ДИСК 12","R:\сериалы\Agatha Christie's Poirot\Season 1\08 The Incredible Theft (HD).m4v,R:\сериалы\Agatha Christie's Poirot\Season 1\08 The Incredible Theft.m4v","[""R:\\сериалы\\Agatha Christie's Poirot\\Season 1\\08 The Incredible Theft (HD).m4v"", ""R:\\сериалы\\Agatha Christie's Poirot\\Season 1\\08 The Incredible Theft.m4v""]"
Пуаро Агаты Кристи: Осиное гнездо (S03E00),"ДИСК 12,ДИСК 12","R:\сериалы\Agatha Christie's Poirot\Season 3\05 Wasps Nest (HD).m4v,R:\сериалы\Agatha Christie's Poirot\Season 3\05 Wasps Nest.m4v","[""R:\\сериалы\\Agatha Christie's Poirot\\Season 3\\05 Wasps Nest (HD).m4v"", ""R:\\сериалы\\Agatha Christie's Poirot\\Season 3\\05 Wasps Nest.m4v""]"
Пуаро Агаты Кристи: Плимутский экспресс (S03E00),"ДИСК 12,ДИСК 12","R:\сериалы\Agatha Christie's Poirot\Season 3\04 Plymouth Express (HD).m4v,R:\сериалы\Agatha Christie's Poirot\Season 3\04 Plymouth Express.m4v","[""R:\\сериалы\\Agatha Christie's Poirot\\Season 3\\04 Plymouth Express (HD).m4v"", ""R:\\сериалы\\Agatha Christie's Poirot\\Season 3\\04 Plymouth Express.m4v""]"
Пуаро Агаты Кристи: Приключение египетской гробницы (S05E00),"ДИСК 12,ДИСК 12","R:\сериалы\Agatha Christie's Poirot\Season 5\01 The Adventure of the Egyptian Tomb (HD).m4v,R:\сериалы\Agatha Christie's Poirot\Season 5\01 The Adventure of the Egyptian Tomb.m4v","[""R:\\сериалы\\Agatha Christie's Poirot\\Season 5\\01 The Adventure of the Egyptian Tomb (HD).m4v"", ""R:\\сериалы\\Agatha Christie's Poirot\\Season 5\\01 The Adventure of the Egyptian Tomb.m4v""]"
Пуаро Агаты Кристи: Приключение западной звезды (S02E00),"ДИСК 12,ДИСК 12","R:\сериалы\Agatha Christie's Poirot\Season 2\09 The Adventure of the Western Star (HD).m4v,R:\сериалы\Agatha Christie's Poirot\Season 2\09 The Adventure of the Western Star.m4v","[""R:\\сериалы\\Agatha Christie's Poirot\\Season 2\\09 The Adventure of the Western Star (HD).m4v"", ""R:\\сериалы\\Agatha Christie's Poirot\\Season 2\\09 The Adventure of the Western Star.m4v""]"
Пуаро Агаты Кристи: Приключение кухарки из Клэпхэма (S01E00),"ДИСК 12,ДИСК 12","R:\сериалы\Agatha Christie's Poirot\Season 1\01 The Adventure of the Clapham Cook (HD).m4v,R:\сериалы\Agatha Christie's Poirot\Season 1\01 The Adventure of the Clapham Cook.m4v","[""R:\\сериалы\\Agatha Christie's Poirot\\Season 1\\01 The Adventure of the Clapham Cook (HD).m4v"", ""R:\\сериалы\\Agatha Christie's Poirot\\Season 1\\01 The Adventure of the Clapham Cook.m4v""]"
Пуаро Агаты Кристи: Причуда мертвеца (Hickory Dickory Dock),"ДИСК 12,ДИСК 12","R:\сериалы\Agatha Christie's Poirot\Season 6\02 Hickory Dickory Dock (HD).m4v,R:\сериалы\Agatha Christie's Poirot\Season 6\02 Hickory Dickory Dock.m4v","[""R:\\сериалы\\Agatha Christie's Poirot\\Season 6\\02 Hickory Dickory Dock (HD).m4v"", ""R:\\сериалы\\Agatha Christie's Poirot\\Season 6\\02 Hickory Dickory Dock.m4v""]"
"Пуаро Агаты Кристи: Раз, два — пряжку застегни (Сезон 4, Эпизод 0)","ДИСК 12,ДИСК 12","R:\сериалы\Agatha Christie's Poirot\Season 4\03 One, Two, Buckle My Shoe (HD).m4v,R:\сериалы\Agatha Christie's Poirot\Season 4\03 One, Two, Buckle My Shoe.m4v","[""R:\\сериалы\\Agatha Christie's Poirot\\Season 4\\03 One"", ""R:\\сериалы\\Agatha Christie's Poirot\\Season 4\\03 One""]"
Пуаро Агаты Кристи: Рождество Эркюля Пуаро (S06E00),"ДИСК 12,ДИСК 12","R:\сериалы\Agatha Christie's Poirot\Season 6\01 Hercule Poirot's Christmas (HD).m4v,R:\сериалы\Agatha Christie's Poirot\Season 6\01 Hercule Poirot's Christmas.m4v","[""R:\\сериалы\\Agatha Christie's Poirot\\Season 6\\01 Hercule Poirot's Christmas (HD).m4v"", ""R:\\сериалы\\Agatha Christie's Poirot\\Season 6\\01 Hercule Poirot's Christmas.m4v""]"
Пуаро Агаты Кристи: Свидание со смертью (S11E00),"ДИСК 12,ДИСК 12","R:\сериалы\Agatha Christie's Poirot\Season 11\04 Appointment With Death (HD).m4v,R:\сериалы\Agatha Christie's Poirot\Season 11\04 Appointment With Death.m4v","[""R:\\сериалы\\Agatha Christie's Poirot\\Season 11\\04 Appointment With Death (HD).m4v"", ""R:\\сериалы\\Agatha Christie's Poirot\\Season 11\\04 Appointment With Death.m4v""]"
Пуаро Агаты Кристи: Смерть лорда Эджвера (S07E00),"ДИСК 12,ДИСК 12","R:\сериалы\Agatha Christie's Poirot\Season 7\02 Lord Edgware Dies (HD).m4v,R:\сериалы\Agatha Christie's Poirot\Season 7\02 Lord Edgware Dies.m4v","[""R:\\сериалы\\Agatha Christie's Poirot\\Season 7\\02 Lord Edgware Dies (HD).m4v"", ""R:\\сериалы\\Agatha Christie's Poirot\\Season 7\\02 Lord Edgware Dies.m4v""]"
"Пуаро Агаты Кристи: Смерть на Ниле (9 сезон, эпизод 0)","ДИСК 12,ДИСК 12","R:\сериалы\Agatha Christie's Poirot\Season 9\03 Death On the Nile (HD).m4v,R:\сериалы\Agatha Christie's Poirot\Season 9\03 Death On the Nile.m4v","[""R:\\сериалы\\Agatha Christie's Poirot\\Season 9\\03 Death On the Nile (HD).m4v"", ""R:\\сериалы\\Agatha Christie's Poirot\\Season 9\\03 Death On the Nile.m4v""]"
Пуаро Агаты Кристи: Тайна испанского сундука (S03E00),"ДИСК 12,ДИСК 12","R:\сериалы\Agatha Christie's Poirot\Season 3\08 Mystery of the Spanish Chest (HD).m4v,R:\сериалы\Agatha Christie's Poirot\Season 3\08 Mystery of the Spanish Chest.m4v","[""R:\\сериалы\\Agatha Christie's Poirot\\Season 3\\08 Mystery of the Spanish Chest (HD).m4v"", ""R:\\сериалы\\Agatha Christie's Poirot\\Season 3\\08 Mystery of the Spanish Chest.m4v""]"
Пуаро Агаты Кристи: Третья девушка (S11E00),"ДИСК 12,ДИСК 12","R:\сериалы\Agatha Christie's Poirot\Season 11\03 Third Girl (HD).m4v,R:\сериалы\Agatha Christie's Poirot\Season 11\03 Third Girl.m4v","[""R:\\сериалы\\Agatha Christie's Poirot\\Season 11\\03 Third Girl (HD).m4v"", ""R:\\сериалы\\Agatha Christie's Poirot\\Season 11\\03 Third Girl.m4v""]"
Пуаро Агаты Кристи: Убийства по алфавиту (S04E00),"ДИСК 12,ДИСК 12","R:\сериалы\Agatha Christie's Poirot\Season 4\01 The ABC Murders (HD).m4v,R:\сериалы\Agatha Christie's Poirot\Season 4\01 The ABC Murders.m4v","[""R:\\сериалы\\Agatha Christie's Poirot\\Season 4\\01 The ABC Murders (HD).m4v"", ""R:\\сериалы\\Agatha Christie's Poirot\\Season 4\\01 The ABC Murders.m4v""]"
"Пуаро Агаты Кристи: Убийство в «Восточном экспрессе» (Сезон 12, Эпизод 00)","ДИСК 12,ДИСК 12","R:\сериалы\Agatha Christie's Poirot\Season 12\04 Murder On the Orient Express (HD).m4v,R:\сериалы\Agatha Christie's Poirot\Season 12\04 Murder On the Orient Express.m4v","[""R:\\сериалы\\Agatha Christie's Poirot\\Season 12\\04 Murder On the Orient Express (HD).m4v"", ""R:\\сериалы\\Agatha Christie's Poirot\\Season 12\\04 Murder On the Orient Express.m4v""]"
Пуаро Агаты Кристи: Убийство в Месопотамии (S08E00),"ДИСК 12,ДИСК 12","R:\сериалы\Agatha Christie's Poirot\Season 8\02 Murder In Mesopotamia (HD).m4v,R:\сериалы\Agatha Christie's Poirot\Season 8\02 Murder In Mesopotamia.m4v","[""R:\\сериалы\\Agatha Christie's Poirot\\Season 8\\02 Murder In Mesopotamia (HD).m4v"", ""R:\\сериалы\\Agatha Christie's Poirot\\Season 8\\02 Murder In Mesopotamia.m4v""]"
Пуаро Агаты Кристи: Шоколадная коробка (S05E06),"ДИСК 12,ДИСК 12","R:\сериалы\Agatha Christie's Poirot\Season 5\06 The Chocolate Box (HD).m4v,R:\сериалы\Agatha Christie's Poirot\Season 5\06 The Chocolate Box.m4v","[""R:\\сериалы\\Agatha Christie's Poirot\\Season 5\\06 The Chocolate Box (HD).m4v"", ""R:\\сериалы\\Agatha Christie's Poirot\\Season 5\\06 The Chocolate Box.m4v""]"
