ID,Original Title,Inferred Title_ru
772,Pianistka_2001_[rutracker.org],COULD_NOT_INFER
773,Polnoch`_v_Parizhe_2011_BDRip_by_Dalemake,COULD_NOT_INFER
948,06. Дом Gucci (2021) 2021,COULD_NOT_INFER
959,17. Джеки Браун (Jackie Brown) 1997,Джеки Браун
961,19. Криминальный талант (1985) 1985,Криминальный талант
962,20. Криминальный талант (1988) 1988,Криминальный талант
965,23. Присяжная (The Juror) (1 сезон) 1996,Присяжная
976,"34. Рокки Бальбоа (Rocky Balboa, 2006) 2006",Рокки Бальбоа
981,"39. Неуязвимый (Unbreakable, 2000) 2000",Неуязвимый
1130,"01. Кунг-фу жеребец (Ride On, 2023) 2023",COULD_NOT_INFER
1131,"02. Операция «Панда» (Panda Plan, 2024) 2024",COULD_NOT_INFER
1132,"03. План побега (Escape Plan, 2013) 2013",План побега
1135,"06. Мумия (The Mummy, 1999) 1999",Мумия
1145,"16. Цветок моей тайны (La Flor de mi secreto, 1995) 1995",Цветок моей тайны
4507,Blagochestivaja_Marta_DVDRip_1.46GB,COULD_NOT_INFER
4510,39. Шмигадун! (Schmigadoon!) (1–2 сезоны) 2021 S01E00 Schmigadoon!.S01E01.Schmigadoon!.1080p.ATVP.WEB-DL.DDP5.1.H.264-yuckostya.mkv,Шмигадун!
4511,39. Шмигадун! (Schmigadoon!) (1–2 сезоны) 2021 S01E00 Schmigadoon!.S01E02.Lovers' Spat.1080p.ATVP.WEB-DL.DDP5.1.H.264-yuckostya.mkv,Шмигадун!
4512,39. Шмигадун! (Schmigadoon!) (1–2 сезоны) 2021 S01E00 Schmigadoon!.S01E03.Cross That Bridge.1080p.ATVP.WEB-DL.DDP5.1.H.264-yuckostya.mkv,Шмигадун!
4513,39. Шмигадун! (Schmigadoon!) (1–2 сезоны) 2021 S01E00 Schmigadoon!.S01E04.Suddenly.1080p.ATVP.WEB-DL.DDP5.1.H.264-yuckostya.mkv,Шмигадун!
4514,39. Шмигадун! (Schmigadoon!) (1–2 сезоны) 2021 S01E00 Schmigadoon!.S01E05.Tribulation.1080p.ATVP.WEB-DL.DDP5.1.H.264-yuckostya.mkv,Шмигадун!
4515,39. Шмигадун! (Schmigadoon!) (1–2 сезоны) 2021 S01E00 Schmigadoon!.S01E06.How We Change.1080p.ATVP.WEB-DL.DDP5.1.H.264-yuckostya.mkv,Шмигадун!
4517,39. Шмигадун! (Schmigadoon!) (1–2 сезоны) 2021 S02E00 Schmigadoon!.S02E01.Welcome to Schmicago.1080p.ATVP.WEB-DL.DDP5.1.H.264-yuckostya.mkv,Шмигадун!
4518,39. Шмигадун! (Schmigadoon!) (1–2 сезоны) 2021 S02E00 Schmigadoon!.S02E02.Doorway to Where.1080p.ATVP.WEB-DL.DDP5.1.H.264-yuckostya.mkv,Шмигадун!
4519,39. Шмигадун! (Schmigadoon!) (1–2 сезоны) 2021 S02E00 Schmigadoon!.S02E03.Bells and Whistles.1080p.ATVP.WEB-DL.DDP5.1.H.264-yuckostya.mkv,Шмигадун!
4520,39. Шмигадун! (Schmigadoon!) (1–2 сезоны) 2021 S02E00 Schmigadoon!.S02E04.Something Real.1080p.ATVP.WEB-DL.DDP5.1.H.264-yuckostya.mkv,Шмигадун!
4521,39. Шмигадун! (Schmigadoon!) (1–2 сезоны) 2021 S02E00 Schmigadoon!.S02E05.Famous as Hell.1080p.ATVP.WEB-DL.DDP5.1.H.264-yuckostya.mkv,Шмигадун!
4522,39. Шмигадун! (Schmigadoon!) (1–2 сезоны) 2021 S02E00 Schmigadoon!.S02E06.Over and Done.1080p.ATVP.WEB-DL.DDP5.1.H.264-yuckostya.mkv,Шмигадун!
4524,44. Белый воротничок (White Collar) (1–6 сезоны) 2009 S01E00 S01E01P01.avi,Белый воротничок
4525,44. Белый воротничок (White Collar) (1–6 сезоны) 2009 S01E00 S01E01P02.avi,Белый воротничок
4526,44. Белый воротничок (White Collar) (1–6 сезоны) 2009 S01E00 S01E02.avi,Белый воротничок
4527,44. Белый воротничок (White Collar) (1–6 сезоны) 2009 S01E00 S01E03.avi,Белый воротничок
4528,44. Белый воротничок (White Collar) (1–6 сезоны) 2009 S01E00 S01E04.avi,Белый воротничок
4529,44. Белый воротничок (White Collar) (1–6 сезоны) 2009 S01E00 S01E05.avi,Белый воротничок
4530,44. Белый воротничок (White Collar) (1–6 сезоны) 2009 S01E00 S01E06.avi,Белый воротничок
4531,44. Белый воротничок (White Collar) (1–6 сезоны) 2009 S01E00 S01E09.avi,Белый воротничок
4532,44. Белый воротничок (White Collar) (1–6 сезоны) 2009 S01E00 S01E10.avi,Белый воротничок
4533,44. Белый воротничок (White Collar) (1–6 сезоны) 2009 S01E00 S01E11.avi,Белый воротничок
4534,44. Белый воротничок (White Collar) (1–6 сезоны) 2009 S01E00 S01E12.avi,Белый воротничок
4535,44. Белый воротничок (White Collar) (1–6 сезоны) 2009 S01E00 S01E13.avi,Белый воротничок
4536,44. Белый воротничок (White Collar) (1–6 сезоны) 2009 S01E00 S01E14.avi,Белый воротничок
4538,44. Белый воротничок (White Collar) (1–6 сезоны) 2009 S02E00 S02E01.avi,Белый воротничок
4539,44. Белый воротничок (White Collar) (1–6 сезоны) 2009 S02E00 S02E02.avi,Белый воротничок
4540,44. Белый воротничок (White Collar) (1–6 сезоны) 2009 S02E00 S02E03.avi,Белый воротничок
4541,44. Белый воротничок (White Collar) (1–6 сезоны) 2009 S02E00 S02E04.avi,Белый воротничок
4542,44. Белый воротничок (White Collar) (1–6 сезоны) 2009 S02E00 S02E05.avi,Белый воротничок
4543,44. Белый воротничок (White Collar) (1–6 сезоны) 2009 S02E00 S02E08.avi,Белый воротничок
4544,44. Белый воротничок (White Collar) (1–6 сезоны) 2009 S02E00 S02E09.avi,Белый воротничок
4545,44. Белый воротничок (White Collar) (1–6 сезоны) 2009 S02E00 S02E10.avi,Белый воротничок
4546,44. Белый воротничок (White Collar) (1–6 сезоны) 2009 S02E00 S02E11.avi,Белый воротничок
4547,44. Белый воротничок (White Collar) (1–6 сезоны) 2009 S02E00 S02E13.avi,Белый воротничок
4548,44. Белый воротничок (White Collar) (1–6 сезоны) 2009 S02E00 S02E14.avi,Белый воротничок
4549,44. Белый воротничок (White Collar) (1–6 сезоны) 2009 S02E00 S02E15.avi,Белый воротничок
4550,44. Белый воротничок (White Collar) (1–6 сезоны) 2009 S02E00 S02E16.avi,Белый воротничок
4552,44. Белый воротничок (White Collar) (1–6 сезоны) 2009 S03E00 S03E01.avi,Белый воротничок
4553,44. Белый воротничок (White Collar) (1–6 сезоны) 2009 S03E00 S03E03.avi,Белый воротничок
4554,44. Белый воротничок (White Collar) (1–6 сезоны) 2009 S03E00 S03E04.avi,Белый воротничок
4555,44. Белый воротничок (White Collar) (1–6 сезоны) 2009 S03E00 S03E05.avi,Белый воротничок
4556,44. Белый воротничок (White Collar) (1–6 сезоны) 2009 S03E00 S03E06.avi,Белый воротничок
4557,44. Белый воротничок (White Collar) (1–6 сезоны) 2009 S03E00 S03E07.avi,Белый воротничок
4558,44. Белый воротничок (White Collar) (1–6 сезоны) 2009 S03E00 S03E08.avi,Белый воротничок
4559,44. Белый воротничок (White Collar) (1–6 сезоны) 2009 S03E00 S03E09.avi,Белый воротничок
4560,44. Белый воротничок (White Collar) (1–6 сезоны) 2009 S03E00 S03E10.avi,Белый воротничок
4561,44. Белый воротничок (White Collar) (1–6 сезоны) 2009 S03E00 S03E11.avi,Белый воротничок
4562,44. Белый воротничок (White Collar) (1–6 сезоны) 2009 S03E00 S03E12.avi,Белый воротничок
4563,44. Белый воротничок (White Collar) (1–6 сезоны) 2009 S03E00 S03E13.avi,Белый воротничок
4564,44. Белый воротничок (White Collar) (1–6 сезоны) 2009 S03E00 S03E15.avi,Белый воротничок
4565,44. Белый воротничок (White Collar) (1–6 сезоны) 2009 S03E00 S03E16.avi,Белый воротничок
4567,44. Белый воротничок (White Collar) (1–6 сезоны) 2009 S04E00 S04E01.avi,Белый воротничок
4568,44. Белый воротничок (White Collar) (1–6 сезоны) 2009 S04E00 S04E02.avi,Белый воротничок
4569,44. Белый воротничок (White Collar) (1–6 сезоны) 2009 S04E00 S04E03.avi,Белый воротничок
4570,44. Белый воротничок (White Collar) (1–6 сезоны) 2009 S04E00 S04E04.avi,Белый воротничок
4571,44. Белый воротничок (White Collar) (1–6 сезоны) 2009 S04E00 S04E05.avi,Белый воротничок
4572,44. Белый воротничок (White Collar) (1–6 сезоны) 2009 S04E00 S04E06.avi,Белый воротничок
4573,44. Белый воротничок (White Collar) (1–6 сезоны) 2009 S04E00 S04E07.avi,Белый воротничок
4574,44. Белый воротничок (White Collar) (1–6 сезоны) 2009 S04E00 S04E09.avi,Белый воротничок
4575,44. Белый воротничок (White Collar) (1–6 сезоны) 2009 S04E00 S04E10.avi,Белый воротничок
4576,44. Белый воротничок (White Collar) (1–6 сезоны) 2009 S04E00 S04E11.avi,Белый воротничок
4577,44. Белый воротничок (White Collar) (1–6 сезоны) 2009 S04E00 S04E12.avi,Белый воротничок
4578,44. Белый воротничок (White Collar) (1–6 сезоны) 2009 S04E00 S04E13.avi,Белый воротничок
4579,44. Белый воротничок (White Collar) (1–6 сезоны) 2009 S04E00 S04E14.avi,Белый воротничок
4580,44. Белый воротничок (White Collar) (1–6 сезоны) 2009 S04E00 S04E15.avi,Белый воротничок
4581,44. Белый воротничок (White Collar) (1–6 сезоны) 2009 S04E00 S04E16.avi,Белый воротничок
4583,"48. Мистер Мерседес (Mr. Mercedes, 2017) 2017 S01E00 Mr.Mercedes.S01E01.WEBRip.RGzsRutracker.Celta88.avi",Мистер Мерседес
4584,"48. Мистер Мерседес (Mr. Mercedes, 2017) 2017 S01E00 Mr.Mercedes.S01E02.WEBRip.RGzsRutracker.Celta88.avi",Мистер Мерседес
4585,"48. Мистер Мерседес (Mr. Mercedes, 2017) 2017 S01E00 Mr.Mercedes.S01E03.WEBRip.RGzsRutracker.Celta88.avi",Мистер Мерседес
4586,"48. Мистер Мерседес (Mr. Mercedes, 2017) 2017 S01E00 Mr.Mercedes.S01E04.WEBRip.RGzsRutracker.Celta88.avi",Мистер Мерседес
4587,"48. Мистер Мерседес (Mr. Mercedes, 2017) 2017 S01E00 Mr.Mercedes.S01E05.WEBRip.RGzsRutracker.Celta88.avi",Мистер Мерседес
4588,"48. Мистер Мерседес (Mr. Mercedes, 2017) 2017 S01E00 Mr.Mercedes.S01E06.WEBRip.RGzsRutracker.Celta88.avi",Мистер Мерседес
4589,"48. Мистер Мерседес (Mr. Mercedes, 2017) 2017 S01E00 Mr.Mercedes.S01E07.WEBRip.RGzsRutracker.Celta88.avi",Мистер Мерседес
4590,"48. Мистер Мерседес (Mr. Mercedes, 2017) 2017 S01E00 Mr.Mercedes.S01E08.WEBRip.RGzsRutracker.Celta88.avi",Мистер Мерседес
4591,"48. Мистер Мерседес (Mr. Mercedes, 2017) 2017 S01E00 Mr.Mercedes.S01E09.WEBRip.RGzsRutracker.Celta88.avi",Мистер Мерседес
4592,"48. Мистер Мерседес (Mr. Mercedes, 2017) 2017 S01E00 Mr.Mercedes.S01E10.WEBRip.RGzsRutracker.Celta88.avi",Мистер Мерседес
4594,"48. Мистер Мерседес (Mr. Mercedes, 2017) 2017 S02E00 Mr.Mercedes.S02E01.WEB-DLRip.RGzsRutracker.Celta88.avi",Мистер Мерседес
4595,"48. Мистер Мерседес (Mr. Mercedes, 2017) 2017 S02E00 Mr.Mercedes.S02E02.WEB-DLRip.RGzsRutracker.Celta88.avi",Мистер Мерседес
4596,"48. Мистер Мерседес (Mr. Mercedes, 2017) 2017 S02E00 Mr.Mercedes.S02E03.WEB-DLRip.RGzsRutracker.Celta88.avi",Мистер Мерседес
4597,"48. Мистер Мерседес (Mr. Mercedes, 2017) 2017 S02E00 Mr.Mercedes.S02E04.WEB-DLRip.RGzsRutracker.Celta88.avi",Мистер Мерседес
4598,"48. Мистер Мерседес (Mr. Mercedes, 2017) 2017 S02E00 Mr.Mercedes.S02E05.WEB-DLRip.RGzsRutracker.Celta88.avi",Мистер Мерседес
4599,"48. Мистер Мерседес (Mr. Mercedes, 2017) 2017 S02E00 Mr.Mercedes.S02E06.WEB-DLRip.RGzsRutracker.Celta88.avi",Мистер Мерседес
4600,"48. Мистер Мерседес (Mr. Mercedes, 2017) 2017 S02E00 Mr.Mercedes.S02E07.WEB-DLRip.RGzsRutracker.Celta88.avi",Мистер Мерседес
4601,"48. Мистер Мерседес (Mr. Mercedes, 2017) 2017 S02E00 Mr.Mercedes.S02E08.WEB-DLRip.RGzsRutracker.Celta88.avi",Мистер Мерседес
4602,"48. Мистер Мерседес (Mr. Mercedes, 2017) 2017 S02E00 Mr.Mercedes.S02E09.WEB-DLRip.RGzsRutracker.Celta88.avi",Мистер Мерседес
4603,"48. Мистер Мерседес (Mr. Mercedes, 2017) 2017 S02E00 Mr.Mercedes.S02E10.WEB-DLRip.RGzsRutracker.Celta88.avi",Мистер Мерседес
4605,"48. Мистер Мерседес (Mr. Mercedes, 2017) 2017 S03E00 Mr.Mercedes.S03E01.WEB-DLRip.RGzsRutracker.Celta88.avi",Мистер Мерседес
4606,"48. Мистер Мерседес (Mr. Mercedes, 2017) 2017 S03E00 Mr.Mercedes.S03E02.WEB-DLRip.RGzsRutracker.Celta88.avi",Мистер Мерседес
4607,"48. Мистер Мерседес (Mr. Mercedes, 2017) 2017 S03E00 Mr.Mercedes.S03E03.WEB-DLRip.RGzsRutracker.Celta88.avi",Мистер Мерседес
4608,"48. Мистер Мерседес (Mr. Mercedes, 2017) 2017 S03E00 Mr.Mercedes.S03E04.WEB-DLRip.RGzsRutracker.Celta88.avi",Мистер Мерседес
4609,"48. Мистер Мерседес (Mr. Mercedes, 2017) 2017 S03E00 Mr.Mercedes.S03E05.WEB-DLRip.RGzsRutracker.Celta88.avi",Мистер Мерседес
4610,"48. Мистер Мерседес (Mr. Mercedes, 2017) 2017 S03E00 Mr.Mercedes.S03E06.WEB-DLRip.RGzsRutracker.Celta88.avi",Мистер Мерседес
4611,"48. Мистер Мерседес (Mr. Mercedes, 2017) 2017 S03E00 Mr.Mercedes.S03E07.WEB-DLRip.RGzsRutracker.Celta88.avi",Мистер Мерседес
4612,"48. Мистер Мерседес (Mr. Mercedes, 2017) 2017 S03E00 Mr.Mercedes.S03E08.WEB-DLRip.RGzsRutracker.Celta88.avi",Мистер Мерседес
4613,"48. Мистер Мерседес (Mr. Mercedes, 2017) 2017 S03E00 Mr.Mercedes.S03E09.WEB-DLRip.RGzsRutracker.Celta88.avi",Мистер Мерседес
4614,"48. Мистер Мерседес (Mr. Mercedes, 2017) 2017 S03E00 Mr.Mercedes.S03E10.WEB-DLRip.RGzsRutracker.Celta88.avi",Мистер Мерседес
4616,"55. Убийство на пляже (Broadchurch, 2013–2017) 2013 S01E00 s01e01.avi",Убийство на пляже
4617,"55. Убийство на пляже (Broadchurch, 2013–2017) 2013 S01E00 s01e02.avi",Убийство на пляже
4618,"55. Убийство на пляже (Broadchurch, 2013–2017) 2013 S01E00 s01e03.avi",Убийство на пляже
4619,"55. Убийство на пляже (Broadchurch, 2013–2017) 2013 S01E00 s01e04.avi",Убийство на пляже
4620,"55. Убийство на пляже (Broadchurch, 2013–2017) 2013 S01E00 s01e05.avi",Убийство на пляже
4621,"55. Убийство на пляже (Broadchurch, 2013–2017) 2013 S01E00 s01e06.avi",Убийство на пляже
4622,"55. Убийство на пляже (Broadchurch, 2013–2017) 2013 S01E00 s01e07.avi",Убийство на пляже
4623,"55. Убийство на пляже (Broadchurch, 2013–2017) 2013 S01E00 s01e08.avi",Убийство на пляже
4625,"55. Убийство на пляже (Broadchurch, 2013–2017) 2013 S02E00 s02e01.avi",Убийство на пляже
4626,"55. Убийство на пляже (Broadchurch, 2013–2017) 2013 S02E00 s02e02.avi",Убийство на пляже
4627,"55. Убийство на пляже (Broadchurch, 2013–2017) 2013 S02E00 s02e03.avi",Убийство на пляже
4628,"55. Убийство на пляже (Broadchurch, 2013–2017) 2013 S02E00 s02e04.avi",Убийство на пляже
4629,"55. Убийство на пляже (Broadchurch, 2013–2017) 2013 S02E00 s02e05.avi",Убийство на пляже
4630,"55. Убийство на пляже (Broadchurch, 2013–2017) 2013 S02E00 s02e06.avi",Убийство на пляже
4631,"55. Убийство на пляже (Broadchurch, 2013–2017) 2013 S02E00 s02e07.avi",Убийство на пляже
4632,"55. Убийство на пляже (Broadchurch, 2013–2017) 2013 S02E00 s02e08.avi",Убийство на пляже
4634,"55. Убийство на пляже (Broadchurch, 2013–2017) 2013 S03E00 s03e01.avi",Убийство на пляже
4635,"55. Убийство на пляже (Broadchurch, 2013–2017) 2013 S03E00 s03e02.avi",Убийство на пляже
4636,"55. Убийство на пляже (Broadchurch, 2013–2017) 2013 S03E00 s03e03.avi",Убийство на пляже
4637,"55. Убийство на пляже (Broadchurch, 2013–2017) 2013 S03E00 s03e04.avi",Убийство на пляже
4638,"55. Убийство на пляже (Broadchurch, 2013–2017) 2013 S03E00 s03e05.avi",Убийство на пляже
4639,"55. Убийство на пляже (Broadchurch, 2013–2017) 2013 S03E00 s03e06.avi",Убийство на пляже
4640,"55. Убийство на пляже (Broadchurch, 2013–2017) 2013 S03E00 s03e07.avi",Убийство на пляже
4641,"55. Убийство на пляже (Broadchurch, 2013–2017) 2013 S03E00 s03e08.avi",Убийство на пляже
4643,"63. Оставленные (The Leftovers, 2014–2017) 2014 S01E00 s01e01_Pilot.avi",Оставленные
4644,"63. Оставленные (The Leftovers, 2014–2017) 2014 S01E00 s01e02_Penguin.One,Us.Zero.avi",Оставленные
4645,"63. Оставленные (The Leftovers, 2014–2017) 2014 S01E00 s01e03_Two.Boats.and.a.Helicopter.avi",Оставленные
4646,"63. Оставленные (The Leftovers, 2014–2017) 2014 S01E00 s01e04_B.J..and.the.A.C..avi",Оставленные
4647,"63. Оставленные (The Leftovers, 2014–2017) 2014 S01E00 s01e05_Gladys.avi",Оставленные
4648,"63. Оставленные (The Leftovers, 2014–2017) 2014 S01E00 s01e06_Guest.avi",Оставленные
4649,"63. Оставленные (The Leftovers, 2014–2017) 2014 S01E00 s01e07_Solace.for.Tired.Feet.avi",Оставленные
4650,"63. Оставленные (The Leftovers, 2014–2017) 2014 S01E00 s01e08_Cairo.avi",Оставленные
4651,"63. Оставленные (The Leftovers, 2014–2017) 2014 S01E00 s01e09_The.Garveys.at.Their.Best.avi",Оставленные
4652,"63. Оставленные (The Leftovers, 2014–2017) 2014 S01E00 s01e10_The.Prodigal.Son.Returns.avi",Оставленные
4654,"63. Оставленные (The Leftovers, 2014–2017) 2014 S02E00 s02e01_Axis.Mundi.avi",Оставленные
4655,"63. Оставленные (The Leftovers, 2014–2017) 2014 S02E00 s02e02_A.Matter.of.Geography.avi",Оставленные
4656,"63. Оставленные (The Leftovers, 2014–2017) 2014 S02E00 s02e03_Off.Ramp.avi",Оставленные
4657,"63. Оставленные (The Leftovers, 2014–2017) 2014 S02E00 s02e04_Orange.Sticker.avi",Оставленные
4658,"63. Оставленные (The Leftovers, 2014–2017) 2014 S02E00 s02e05_No.Room.at.the.Inn.avi",Оставленные
4659,"63. Оставленные (The Leftovers, 2014–2017) 2014 S02E00 s02e06_Lens.avi",Оставленные
4660,"63. Оставленные (The Leftovers, 2014–2017) 2014 S02E00 s02e07_A.Most.Powerful.Adversary.avi",Оставленные
4661,"63. Оставленные (The Leftovers, 2014–2017) 2014 S02E00 s02e08_International.Assassin.avi",Оставленные
4662,"63. Оставленные (The Leftovers, 2014–2017) 2014 S02E00 s02e09_Ten.Thirteen.avi",Оставленные
4663,"63. Оставленные (The Leftovers, 2014–2017) 2014 S02E00 s02e10_I.Live.Here.Now.avi",Оставленные
4665,"63. Оставленные (The Leftovers, 2014–2017) 2014 S03E00 s03e01_The.Book.of.Kevin.avi",Оставленные
4666,"63. Оставленные (The Leftovers, 2014–2017) 2014 S03E00 s03e02_Don't.Be.Ridiculous.avi",Оставленные
4667,"63. Оставленные (The Leftovers, 2014–2017) 2014 S03E00 s03e03_Crazy.Whitefella.Thinking.avi",Оставленные
4668,"63. Оставленные (The Leftovers, 2014–2017) 2014 S03E00 s03e04_G'Day.Melbourne.avi",Оставленные
4669,"63. Оставленные (The Leftovers, 2014–2017) 2014 S03E00 s03e05_It's.a.Matt,Matt,Matt,Matt.World.avi",Оставленные
4670,"63. Оставленные (The Leftovers, 2014–2017) 2014 S03E00 s03e06_Certified.avi",Оставленные
4671,"63. Оставленные (The Leftovers, 2014–2017) 2014 S03E00 s03e07_The.Most.Powerful.Man.in.the.World.(and.His.Identical.Twin.Brother).avi",Оставленные
4672,"63. Оставленные (The Leftovers, 2014–2017) 2014 S03E00 s03e08_The.Book.of.Nora.avi",Оставленные
4769,02. Список смертников (The Terminal List) 2022 (сезон 1),Список смертников
4770,02. Список смертников (The Terminal List) 2022 S01E00 The.Terminal.List.Dark.Wolf.S01E01.1080p.WEB-DL.RGzsRutracker.mkv,Список смертников
4771,02. Список смертников (The Terminal List) 2022 S01E00 The.Terminal.List.Dark.Wolf.S01E02.1080p.WEB-DL.RGzsRutracker.mkv,Список смертников
4772,02. Список смертников (The Terminal List) 2022 S01E00 The.Terminal.List.Dark.Wolf.S01E03.1080p.WEB-DL.RGzsRutracker.mkv,Список смертников
4773,02. Список смертников (The Terminal List) 2022 S01E00 The.Terminal.List.Dark.Wolf.S01E04.1080p.WEB-DL.RGzsRutracker.mkv,Список смертников
4774,02. Список смертников (The Terminal List) 2022 S01E00 The.Terminal.List.Dark.Wolf.S01E05.1080p.WEB-DL.RGzsRutracker.mkv,Список смертников
4775,02. Список смертников (The Terminal List) 2022 S01E00 The.Terminal.List.Dark.Wolf.S01E06.1080p.WEB-DL.RGzsRutracker.mkv,Список смертников
4776,02. Список смертников (The Terminal List) 2022 S01E00 The.Terminal.List.Dark.Wolf.S01E07.1080p.WEB-DL.RGzsRutracker.mkv,Список смертников
4777,22. Приговор (Yargı) (3 сезона) 2021 (сезон 1),Приговор
4778,22. Приговор (Yargı) (3 сезона) 2021 S01E00 Yargi.S01E03.1080p.WEB-DL-AVC.rus.tur.DiziMania.mkv,Приговор
4779,22. Приговор (Yargı) (3 сезона) 2021 S01E00 Yargi.S01E06.1080p.WEB-DL-AVC.rus.tur.DiziMania.mkv,Приговор
4780,22. Приговор (Yargı) (3 сезона) 2021 S01E00 Yargi.S01E09.1080p.WEB-DL-AVC.rus.tur.DiziMania.mkv,Приговор
4781,22. Приговор (Yargı) (3 сезона) 2021 S01E00 Yargi.S01E10.1080p.WEB-DL-AVC.rus.tur.DiziMania.mkv,Приговор
4782,22. Приговор (Yargı) (3 сезона) 2021 S01E00 Yargi.S01E15.1080p.WEB-DL-AVC.rus.tur.DiziMania.mkv,Приговор
4783,22. Приговор (Yargı) (3 сезона) 2021 S01E00 Yargi.S01E19.1080p.WEB-DL-AVC.rus.tur.DiziMania.mkv,Приговор
4784,22. Приговор (Yargı) (3 сезона) 2021 S01E00 Yargi.S01E20.1080p.WEB-DL-AVC.rus.tur.DiziMania.mkv,Приговор
4785,22. Приговор (Yargı) (3 сезона) 2021 S01E00 Yargi.S01E21.1080p.WEB-DL-AVC.rus.tur.DiziMania.mkv,Приговор
4786,22. Приговор (Yargı) (3 сезона) 2021 S01E00 Yargi.S01E24.1080p.WEB-DL-AVC.rus.tur.DiziMania.mkv,Приговор
4787,22. Приговор (Yargı) (3 сезона) 2021 S01E00 Yargi.S01E25.1080p.WEB-DL-AVC.rus.tur.DiziMania.mkv,Приговор
4788,22. Приговор (Yargı) (3 сезона) 2021 S01E00 Yargi.S01E26.1080p.WEB-DL-AVC.rus.tur.DiziMania.mkv,Приговор
4789,22. Приговор (Yargı) (3 сезона) 2021 S01E00 Yargi.S01E27.1080p.WEB-DL-AVC.rus.tur.DiziMania.mkv,Приговор
4790,22. Приговор (Yargı) (3 сезона) 2021 S01E00 Yargi.S01E29.1080p.WEB-DL-AVC.rus.tur.DiziMania.mkv,Приговор
4791,22. Приговор (Yargı) (3 сезона) 2021 S01E00 Yargi.S01E30.1080p.WEB-DL-AVC.rus.tur.DiziMania.mkv,Приговор
4792,22. Приговор (Yargı) (3 сезона) 2021 S01E00 Yargi.S01E31.1080p.WEB-DL-AVC.rus.tur.DiziMania.mkv,Приговор
4793,22. Приговор (Yargı) (3 сезона) 2021 S01E00 Yargi.S01E32.1080p.WEB-DL-AVC.rus.tur.DiziMania.mkv,Приговор
4794,22. Приговор (Yargı) (3 сезона) 2021 S01E00 Yargi.S01E34.1080p.WEB-DL-AVC.rus.tur.DiziMania.mkv,Приговор
4795,22. Приговор (Yargı) (3 сезона) 2021 (сезон 2),Приговор
4796,22. Приговор (Yargı) (3 сезона) 2021 S02E00 Yargi.S02E01.1080p.WEB-DL-AVC.rus.tur.DiziMania.mkv,Приговор
4797,22. Приговор (Yargı) (3 сезона) 2021 S02E00 Yargi.S02E03.1080p.WEB-DL-AVC.rus.tur.DiziMania.mkv,Приговор
4798,22. Приговор (Yargı) (3 сезона) 2021 S02E00 Yargi.S02E05.1080p.WEB-DL-AVC.rus.tur.DiziMania.mkv,Приговор
4799,22. Приговор (Yargı) (3 сезона) 2021 S02E00 Yargi.S02E06.1080p.WEB-DL-AVC.rus.tur.DiziMania.mkv,Приговор
4800,22. Приговор (Yargı) (3 сезона) 2021 S02E00 Yargi.S02E07.1080p.WEB-DL-AVC.rus.tur.DiziMania.mkv,Приговор
4801,22. Приговор (Yargı) (3 сезона) 2021 S02E00 Yargi.S02E08.1080p.WEB-DL-AVC.rus.tur.DiziMania.mkv,Приговор
4802,22. Приговор (Yargı) (3 сезона) 2021 S02E00 Yargi.S02E09.1080p.WEB-DL-AVC.rus.tur.DiziMania.mkv,Приговор
4803,22. Приговор (Yargı) (3 сезона) 2021 S02E00 Yargi.S02E10.1080p.WEB-DL-AVC.rus.tur.DiziMania.mkv,Приговор
4804,22. Приговор (Yargı) (3 сезона) 2021 S02E00 Yargi.S02E11.1080p.WEB-DL-AVC.rus.tur.DiziMania.mkv,Приговор
4805,22. Приговор (Yargı) (3 сезона) 2021 S02E00 Yargi.S02E12.1080p.WEB-DL-AVC.rus.tur.DiziMania.mkv,Приговор
4806,22. Приговор (Yargı) (3 сезона) 2021 S02E00 Yargi.S02E14.1080p.WEB-DL-AVC.rus.tur.DiziMania.mkv,Приговор
4807,22. Приговор (Yargı) (3 сезона) 2021 S02E00 Yargi.S02E15.1080p.WEB-DL-AVC.rus.tur.DiziMania.mkv,Приговор
4808,22. Приговор (Yargı) (3 сезона) 2021 S02E00 Yargi.S02E18.1080p.WEB-DL-AVC.rus.tur.DiziMania.mkv,Приговор
4809,22. Приговор (Yargı) (3 сезона) 2021 S02E00 Yargi.S02E19.1080p.WEB-DL-AVC.rus.tur.DiziMania.mkv,Приговор
4810,22. Приговор (Yargı) (3 сезона) 2021 S02E00 Yargi.S02E20.1080p.WEB-DL-AVC.rus.tur.DiziMania.mkv,Приговор
4811,22. Приговор (Yargı) (3 сезона) 2021 S02E00 Yargi.S02E21.1080p.WEB-DL-AVC.rus.tur.DiziMania.mkv,Приговор
4812,22. Приговор (Yargı) (3 сезона) 2021 S02E00 Yargi.S02E22.1080p.WEB-DL-AVC.rus.tur.DiziMania.mkv,Приговор
4813,22. Приговор (Yargı) (3 сезона) 2021 S02E00 Yargi.S02E24.1080p.WEB-DL-AVC.rus.tur.DiziMania.mkv,Приговор
4814,22. Приговор (Yargı) (3 сезона) 2021 S02E00 Yargi.S02E25.1080p.WEB-DL-AVC.rus.tur.DiziMania.mkv,Приговор
4815,22. Приговор (Yargı) (3 сезона) 2021 S02E00 Yargi.S02E26.1080p.WEB-DL-AVC.rus.tur.DiziMania.mkv,Приговор
4816,22. Приговор (Yargı) (3 сезона) 2021 S02E00 Yargi.S02E27.1080p.WEB-DL-AVC.rus.tur.DiziMania.mkv,Приговор
4817,22. Приговор (Yargı) (3 сезона) 2021 S02E00 Yargi.S02E28.1080p.WEB-DL-AVC.rus.tur.DiziMania.mkv,Приговор
4818,22. Приговор (Yargı) (3 сезона) 2021 S02E00 Yargi.S02E29.1080p.WEB-DL-AVC.rus.tur.DiziMania.mkv,Приговор
4819,22. Приговор (Yargı) (3 сезона) 2021 (сезон 3),Приговор
4820,22. Приговор (Yargı) (3 сезона) 2021 S03E00 Yargi.S03E01.1080p.WEB-DL-AVC.rus.tur.DiziMania.mkv,Приговор
4821,22. Приговор (Yargı) (3 сезона) 2021 S03E00 Yargi.S03E02.1080p.WEB-DL-AVC.rus.tur.DiziMania.mkv,Приговор
4822,22. Приговор (Yargı) (3 сезона) 2021 S03E00 Yargi.S03E03.1080p.WEB-DL-AVC.rus.tur.DiziMania.mkv,Приговор
4823,22. Приговор (Yargı) (3 сезона) 2021 S03E00 Yargi.S03E04.1080p.WEB-DL-AVC.rus.tur.DiziMania.mkv,Приговор
4824,22. Приговор (Yargı) (3 сезона) 2021 S03E00 Yargi.S03E05.1080p.WEB-DL-AVC.rus.tur.DiziMania.mkv,Приговор
4825,22. Приговор (Yargı) (3 сезона) 2021 S03E00 Yargi.S03E07.1080p.WEB-DL-AVC.rus.tur.DiziMania.mkv,Приговор
4826,22. Приговор (Yargı) (3 сезона) 2021 S03E00 Yargi.S03E08.1080p.WEB-DL-AVC.rus.tur.DiziMania.mkv,Приговор
4827,22. Приговор (Yargı) (3 сезона) 2021 S03E00 Yargi.S03E09.1080p.WEB-DL-AVC.rus.tur.DiziMania.mkv,Приговор
4828,22. Приговор (Yargı) (3 сезона) 2021 S03E00 Yargi.S03E12.1080p.WEB-DL-AVC.rus.tur.DiziMania.mkv,Приговор
4829,22. Приговор (Yargı) (3 сезона) 2021 S03E00 Yargi.S03E15.1080p.WEB-DL-AVC.rus.tur.DiziMania.mkv,Приговор
4830,22. Приговор (Yargı) (3 сезона) 2021 S03E00 Yargi.S03E17.1080p.WEB-DL-AVC.rus.tur.DiziMania.mkv,Приговор
4831,22. Приговор (Yargı) (3 сезона) 2021 S03E00 Yargi.S03E18.1080p.WEB-DL-AVC.rus.tur.DiziMania.mkv,Приговор
4832,22. Приговор (Yargı) (3 сезона) 2021 S03E00 Yargi.S03E19.1080p.WEB-DL-AVC.rus.tur.DiziMania.mkv,Приговор
4833,22. Приговор (Yargı) (3 сезона) 2021 S03E00 Yargi.S03E20.1080p.WEB-DL-AVC.rus.tur.DiziMania.mkv,Приговор
4834,22. Приговор (Yargı) (3 сезона) 2021 S03E00 Yargi.S03E22.1080p.WEB-DL-AVC.rus.tur.DiziMania.mkv,Приговор
4835,22. Приговор (Yargı) (3 сезона) 2021 S03E00 Yargi.S03E24.1080p.WEB-DL-AVC.rus.tur.DiziMania.mkv,Приговор
4836,22. Приговор (Yargı) (3 сезона) 2021 S03E00 Yargi.S03E25.1080p.WEB-DL-AVC.rus.tur.DiziMania.mkv,Приговор
4837,22. Приговор (Yargı) (3 сезона) 2021 S03E00 Yargi.S03E27.1080p.WEB-DL-AVC.rus.tur.DiziMania.mkv,Приговор
4838,22. Приговор (Yargı) (3 сезона) 2021 S03E00 Yargi.S03E28.1080p.WEB-DL-AVC.rus.tur.DiziMania.mkv,Приговор
4839,22. Приговор (Yargı) (3 сезона) 2021 S03E00 Yargi.S03E31.1080p.WEB-DL-AVC.rus.tur.DiziMania.mkv,Приговор
4840,22. Приговор (Yargı) (3 сезона) 2021 S03E00 Yargi.S03E32.1080p.WEB-DL-AVC.rus.tur.DiziMania.mkv,Приговор
4841,28. Бруклин 9-9 (Brooklyn Nine-Nine) 2013 (сезон 5),COULD_NOT_INFER
4842,28. Бруклин 9-9 (Brooklyn Nine-Nine) 2013 S05E00 Brooklyn.Nine-Nine.s05e01.WEBDL.720p.NewStudio.TV.mkv,COULD_NOT_INFER
4843,28. Бруклин 9-9 (Brooklyn Nine-Nine) 2013 S05E00 Brooklyn.Nine-Nine.s05e02.WEBDL.720p.NewStudio.TV.mkv,COULD_NOT_INFER
4844,28. Бруклин 9-9 (Brooklyn Nine-Nine) 2013 S05E00 Brooklyn.Nine-Nine.s05e03.WEBDL.720p.NewStudio.TV.mkv,COULD_NOT_INFER
4845,28. Бруклин 9-9 (Brooklyn Nine-Nine) 2013 S05E00 Brooklyn.Nine-Nine.s05e04.WEBDL.720p.NewStudio.TV.mkv,COULD_NOT_INFER
4846,28. Бруклин 9-9 (Brooklyn Nine-Nine) 2013 S05E00 Brooklyn.Nine-Nine.s05e05.WEBDL.720p.NewStudio.TV.mkv,COULD_NOT_INFER
4847,28. Бруклин 9-9 (Brooklyn Nine-Nine) 2013 S05E00 Brooklyn.Nine-Nine.s05e06.WEBDL.720p.NewStudio.TV.mkv,COULD_NOT_INFER
4848,28. Бруклин 9-9 (Brooklyn Nine-Nine) 2013 S05E00 Brooklyn.Nine-Nine.s05e07.WEBDL.720p.NewStudio.TV.mkv,COULD_NOT_INFER
4849,28. Бруклин 9-9 (Brooklyn Nine-Nine) 2013 S05E00 Brooklyn.Nine-Nine.s05e08.WEBDL.720p.NewStudio.TV.mkv,COULD_NOT_INFER
4850,28. Бруклин 9-9 (Brooklyn Nine-Nine) 2013 S05E00 Brooklyn.Nine-Nine.s05e09.WEBDL.720p.NewStudio.TV.mkv,COULD_NOT_INFER
4851,28. Бруклин 9-9 (Brooklyn Nine-Nine) 2013 S05E00 Brooklyn.Nine-Nine.s05e10.WEBDL.720p.NewStudio.TV.mkv,COULD_NOT_INFER
4852,28. Бруклин 9-9 (Brooklyn Nine-Nine) 2013 S05E00 Brooklyn.Nine-Nine.s05e11.WEBDL.720p.NewStudio.TV.mkv,COULD_NOT_INFER
4853,28. Бруклин 9-9 (Brooklyn Nine-Nine) 2013 S05E00 Brooklyn.Nine-Nine.s05e12.WEBDL.720p.NewStudio.TV.mkv,COULD_NOT_INFER
4854,28. Бруклин 9-9 (Brooklyn Nine-Nine) 2013 S05E00 Brooklyn.Nine-Nine.s05e13.WEBDL.720p.NewStudio.TV.mkv,COULD_NOT_INFER
4855,28. Бруклин 9-9 (Brooklyn Nine-Nine) 2013 S05E00 Brooklyn.Nine-Nine.s05e14.WEBDL.720p.NewStudio.TV.mkv,COULD_NOT_INFER
4856,28. Бруклин 9-9 (Brooklyn Nine-Nine) 2013 S05E00 Brooklyn.Nine-Nine.s05e15.WEBDL.720p.NewStudio.TV.mkv,COULD_NOT_INFER
4857,28. Бруклин 9-9 (Brooklyn Nine-Nine) 2013 S05E00 Brooklyn.Nine-Nine.s05e16.WEBDL.720p.NewStudio.TV.mkv,COULD_NOT_INFER
4858,28. Бруклин 9-9 (Brooklyn Nine-Nine) 2013 S05E00 Brooklyn.Nine-Nine.s05e17.WEBDL.720p.NewStudio.TV.mkv,COULD_NOT_INFER
4859,28. Бруклин 9-9 (Brooklyn Nine-Nine) 2013 S05E00 Brooklyn.Nine-Nine.s05e18.WEBDL.720p.NewStudio.TV.mkv,COULD_NOT_INFER
4860,28. Бруклин 9-9 (Brooklyn Nine-Nine) 2013 S05E00 Brooklyn.Nine-Nine.s05e19.WEBDL.720p.NewStudio.TV.mkv,COULD_NOT_INFER
4861,28. Бруклин 9-9 (Brooklyn Nine-Nine) 2013 S05E00 Brooklyn.Nine-Nine.s05e20.WEBDL.720p.NewStudio.TV.mkv,COULD_NOT_INFER
4862,28. Бруклин 9-9 (Brooklyn Nine-Nine) 2013 S05E00 Brooklyn.Nine-Nine.s05e21.WEBDL.720p.NewStudio.TV.mkv,COULD_NOT_INFER
4863,28. Бруклин 9-9 (Brooklyn Nine-Nine) 2013 S05E00 Brooklyn.Nine-Nine.s05e22.WEBDL.720p.NewStudio.TV.mkv,COULD_NOT_INFER
4864,28. Бруклин 9-9 (Brooklyn Nine-Nine) 2013 (сезон 6),COULD_NOT_INFER
4865,28. Бруклин 9-9 (Brooklyn Nine-Nine) 2013 S06E00 Brooklyn.Nine-Nine.s06e01.WEBDL.1080p.NewStudio.TV.mkv,COULD_NOT_INFER
4866,28. Бруклин 9-9 (Brooklyn Nine-Nine) 2013 S06E00 Brooklyn.Nine-Nine.s06e02.WEBDL.1080p.NewStudio.TV.mkv,COULD_NOT_INFER
4867,28. Бруклин 9-9 (Brooklyn Nine-Nine) 2013 S06E00 Brooklyn.Nine-Nine.s06e03.WEBDL.1080p.NewStudio.TV.mkv,COULD_NOT_INFER
4868,28. Бруклин 9-9 (Brooklyn Nine-Nine) 2013 S06E00 Brooklyn.Nine-Nine.s06e04.WEBDL.1080p.NewStudio.TV.mkv,COULD_NOT_INFER
4869,28. Бруклин 9-9 (Brooklyn Nine-Nine) 2013 S06E00 Brooklyn.Nine-Nine.s06e05.WEBDL.1080p.NewStudio.TV.mkv,COULD_NOT_INFER
4870,28. Бруклин 9-9 (Brooklyn Nine-Nine) 2013 S06E00 Brooklyn.Nine-Nine.s06e06.WEBDL.1080p.NewStudio.TV.mkv,COULD_NOT_INFER
4871,28. Бруклин 9-9 (Brooklyn Nine-Nine) 2013 S06E00 Brooklyn.Nine-Nine.s06e07.WEBDL.1080p.NewStudio.TV.mkv,COULD_NOT_INFER
4872,28. Бруклин 9-9 (Brooklyn Nine-Nine) 2013 S06E00 Brooklyn.Nine-Nine.s06e08.WEBDL.1080p.NewStudio.TV.mkv,COULD_NOT_INFER
4873,28. Бруклин 9-9 (Brooklyn Nine-Nine) 2013 S06E00 Brooklyn.Nine-Nine.s06e09.WEBDL.1080p.NewStudio.TV.mkv,COULD_NOT_INFER
4874,28. Бруклин 9-9 (Brooklyn Nine-Nine) 2013 S06E00 Brooklyn.Nine-Nine.s06e10.WEBDL.1080p.NewStudio.TV.mkv,COULD_NOT_INFER
4875,28. Бруклин 9-9 (Brooklyn Nine-Nine) 2013 S06E00 Brooklyn.Nine-Nine.s06e11.WEBDL.1080p.NewStudio.TV.mkv,COULD_NOT_INFER
4876,28. Бруклин 9-9 (Brooklyn Nine-Nine) 2013 S06E00 Brooklyn.Nine-Nine.s06e12.WEBDL.1080p.NewStudio.TV.mkv,COULD_NOT_INFER
4877,28. Бруклин 9-9 (Brooklyn Nine-Nine) 2013 S06E00 Brooklyn.Nine-Nine.s06e13.WEBDL.1080p.NewStudio.TV.mkv,COULD_NOT_INFER
4878,28. Бруклин 9-9 (Brooklyn Nine-Nine) 2013 S06E00 Brooklyn.Nine-Nine.s06e14.WEBDL.1080p.NewStudio.TV.mkv,COULD_NOT_INFER
4879,28. Бруклин 9-9 (Brooklyn Nine-Nine) 2013 S06E00 Brooklyn.Nine-Nine.s06e15.WEBDL.1080p.NewStudio.TV.mkv,COULD_NOT_INFER
4880,28. Бруклин 9-9 (Brooklyn Nine-Nine) 2013 S06E00 Brooklyn.Nine-Nine.s06e16.WEBDL.1080p.NewStudio.TV.mkv,COULD_NOT_INFER
4881,28. Бруклин 9-9 (Brooklyn Nine-Nine) 2013 S06E00 Brooklyn.Nine-Nine.s06e17.WEBDL.1080p.NewStudio.TV.mkv,COULD_NOT_INFER
4882,28. Бруклин 9-9 (Brooklyn Nine-Nine) 2013 S06E00 Brooklyn.Nine-Nine.s06e18.WEBDL.1080p.NewStudio.TV.mkv,COULD_NOT_INFER
4928,39. Шмигадун! (Schmigadoon!) (1–2 сезоны) 2021 (сезон 1),Шмигадун!
4929,39. Шмигадун! (Schmigadoon!) (1–2 сезоны) 2021 (сезон 2),Шмигадун!
4930,44. Белый воротничок (White Collar) (1–6 сезоны) 2009 (сезон 1),Белый воротничок
4931,44. Белый воротничок (White Collar) (1–6 сезоны) 2009 (сезон 2),Белый воротничок
4932,44. Белый воротничок (White Collar) (1–6 сезоны) 2009 (сезон 3),Белый воротничок
4933,44. Белый воротничок (White Collar) (1–6 сезоны) 2009 (сезон 4),Белый воротничок
4934,"48. Мистер Мерседес (Mr. Mercedes, 2017) 2017 (сезон 1)",Мистер Мерседес
4935,"48. Мистер Мерседес (Mr. Mercedes, 2017) 2017 (сезон 2)",Мистер Мерседес
4936,"48. Мистер Мерседес (Mr. Mercedes, 2017) 2017 (сезон 3)",Мистер Мерседес
4937,"55. Убийство на пляже (Broadchurch, 2013–2017) 2013 (сезон 1)",Убийство на пляже
4938,"55. Убийство на пляже (Broadchurch, 2013–2017) 2013 (сезон 2)",Убийство на пляже
4939,"55. Убийство на пляже (Broadchurch, 2013–2017) 2013 (сезон 3)",Убийство на пляже
4940,"63. Оставленные (The Leftovers, 2014–2017) 2014 (сезон 1)",Оставленные
4941,"63. Оставленные (The Leftovers, 2014–2017) 2014 (сезон 2)",Оставленные
4942,"63. Оставленные (The Leftovers, 2014–2017) 2014 (сезон 3)",Оставленные
5474,500 дней лета,COULD_NOT_INFER
5475,500 дней лета,COULD_NOT_INFER
5477,500 дней лета,COULD_NOT_INFER
5478,500 дней лета,COULD_NOT_INFER
5483,05 Odnoi_levoi_2015_WEB-DLRip_by_Dalemake,COULD_NOT_INFER
6010,05 Прослушка (сезон 1),COULD_NOT_INFER
6011,05 Прослушка S01E00 The.wire.s01e01.DVDRip.avi,COULD_NOT_INFER
6012,05 Прослушка S01E00 The.wire.s01e02.DVDRip.avi,COULD_NOT_INFER
6013,05 Прослушка S01E00 The.wire.s01e03.DVDRip.avi,COULD_NOT_INFER
6014,05 Прослушка S01E00 The.wire.s01e04.DVDRip.avi,COULD_NOT_INFER
6015,05 Прослушка S01E00 The.wire.s01e05.DVDRip.avi,COULD_NOT_INFER
6016,05 Прослушка S01E00 The.wire.s01e06.DVDRip.avi,COULD_NOT_INFER
6017,05 Прослушка S01E00 The.wire.s01e07.DVDRip.avi,COULD_NOT_INFER
6018,05 Прослушка S01E00 The.wire.s01e08.DVDRip.avi,COULD_NOT_INFER
6019,05 Прослушка S01E00 The.wire.s01e09.DVDRip.avi,COULD_NOT_INFER
6020,05 Прослушка S01E00 The.wire.s01e10.DVDRip.avi,COULD_NOT_INFER
6021,05 Прослушка S01E00 The.wire.s01e11.DVDRip.avi,COULD_NOT_INFER
6022,05 Прослушка S01E00 The.wire.s01e12.DVDRip.avi,COULD_NOT_INFER
6023,05 Прослушка S01E00 The.wire.s01e13.DVDRip.avi,COULD_NOT_INFER
6024,05 Прослушка (сезон 2),COULD_NOT_INFER
6025,05 Прослушка S02E00 The.wire.s02e01.DVDRip.avi,COULD_NOT_INFER
6026,05 Прослушка S02E00 The.wire.s02e02.DVDRip.avi,COULD_NOT_INFER
6027,05 Прослушка S02E00 The.wire.s02e03.DVDRip.avi,COULD_NOT_INFER
6028,05 Прослушка S02E00 The.wire.s02e04.DVDRip.avi,COULD_NOT_INFER
6029,05 Прослушка S02E00 The.wire.s02e05.DVDRip.avi,COULD_NOT_INFER
6030,05 Прослушка S02E00 The.wire.s02e06.DVDRip.avi,COULD_NOT_INFER
6031,05 Прослушка S02E00 The.wire.s02e07.DVDRip.avi,COULD_NOT_INFER
6032,05 Прослушка S02E00 The.wire.s02e08.DVDRip.avi,COULD_NOT_INFER
6033,05 Прослушка S02E00 The.wire.s02e09.DVDRip.avi,COULD_NOT_INFER
6034,05 Прослушка S02E00 The.wire.s02e10.DVDRip.avi,COULD_NOT_INFER
6035,05 Прослушка S02E00 The.wire.s02e11.DVDRip.avi,COULD_NOT_INFER
6036,05 Прослушка S02E00 The.wire.s02e12.DVDRip.avi,COULD_NOT_INFER
6037,05 Прослушка (сезон 3),COULD_NOT_INFER
6038,05 Прослушка S03E00 The_wire_s03e01.avi,COULD_NOT_INFER
6039,05 Прослушка S03E00 The_wire_s03e02.avi,COULD_NOT_INFER
6040,05 Прослушка S03E00 The_wire_s03e03.avi,COULD_NOT_INFER
6041,05 Прослушка S03E00 The_wire_s03e04.avi,COULD_NOT_INFER
6042,05 Прослушка S03E00 The_wire_s03e05.avi,COULD_NOT_INFER
6043,05 Прослушка S03E00 The_wire_s03e06.avi,COULD_NOT_INFER
6044,05 Прослушка S03E00 The_wire_s03e07.avi,COULD_NOT_INFER
6045,05 Прослушка S03E00 The_wire_s03e08.avi,COULD_NOT_INFER
6046,05 Прослушка S03E00 The_wire_s03e09.avi,COULD_NOT_INFER
6047,05 Прослушка S03E00 The_wire_s03e10.avi,COULD_NOT_INFER
6048,05 Прослушка S03E00 The_wire_s03e11.avi,COULD_NOT_INFER
6049,05 Прослушка S03E00 The_wire_s03e12.avi,COULD_NOT_INFER
6050,05 Прослушка (сезон 4),COULD_NOT_INFER
6051,05 Прослушка S04E00 The_wire_s04e01.avi,COULD_NOT_INFER
6052,05 Прослушка S04E00 The_wire_s04e02.avi,COULD_NOT_INFER
6053,05 Прослушка S04E00 The_wire_s04e03.avi,COULD_NOT_INFER
6054,05 Прослушка S04E00 The_wire_s04e04.avi,COULD_NOT_INFER
6055,05 Прослушка S04E00 The_wire_s04e05.avi,COULD_NOT_INFER
6056,05 Прослушка S04E00 The_wire_s04e06.avi,COULD_NOT_INFER
6057,05 Прослушка S04E00 The_wire_s04e07.avi,COULD_NOT_INFER
6058,05 Прослушка S04E00 The_wire_s04e08.avi,COULD_NOT_INFER
6059,05 Прослушка S04E00 The_wire_s04e09.avi,COULD_NOT_INFER
6060,05 Прослушка S04E00 The_wire_s04e10.avi,COULD_NOT_INFER
6061,05 Прослушка S04E00 The_wire_s04e11.avi,COULD_NOT_INFER
6062,05 Прослушка S04E00 The_wire_s04e12.avi,COULD_NOT_INFER
6063,05 Прослушка S04E00 The_wire_s04e13.avi,COULD_NOT_INFER
6064,05 Прослушка (сезон 6),COULD_NOT_INFER
6065,05 Прослушка S06E00 the_wire_s05_e01.avi,COULD_NOT_INFER
6066,05 Прослушка S06E00 the_wire_s05_e02.avi,COULD_NOT_INFER
6067,05 Прослушка S06E00 the_wire_s05_e03.avi,COULD_NOT_INFER
6068,05 Прослушка S06E00 the_wire_s05_e04.avi,COULD_NOT_INFER
6069,05 Прослушка S06E00 the_wire_s05_e05.avi,COULD_NOT_INFER
6070,05 Прослушка S06E00 the_wire_s05_e06.avi,COULD_NOT_INFER
6071,05 Прослушка S06E00 the_wire_s05_e07.avi,COULD_NOT_INFER
6072,05 Прослушка S06E00 the_wire_s05_e08.avi,COULD_NOT_INFER
6073,05 Прослушка S06E00 the_wire_s05_e09.avi,COULD_NOT_INFER
6074,05 Прослушка S06E00 the_wire_s05_e10.avi,COULD_NOT_INFER
6075,The.Americans.20113-2018.web-dlrip_[teko] (сезон 1),COULD_NOT_INFER
6076,The.Americans.20113-2018.web-dlrip_[teko] S01E00 s01e01_Pilot.avi,COULD_NOT_INFER
6077,The.Americans.20113-2018.web-dlrip_[teko] S01E00 s01e02_The.Clock.avi,COULD_NOT_INFER
6078,The.Americans.20113-2018.web-dlrip_[teko] S01E00 s01e03_Gregory.avi,COULD_NOT_INFER
6079,The.Americans.20113-2018.web-dlrip_[teko] S01E00 s01e04_In.Control.avi,COULD_NOT_INFER
6080,The.Americans.20113-2018.web-dlrip_[teko] S01E00 s01e05_Comint.avi,COULD_NOT_INFER
6081,The.Americans.20113-2018.web-dlrip_[teko] S01E00 s01e06_Trust.Me.avi,COULD_NOT_INFER
6082,The.Americans.20113-2018.web-dlrip_[teko] S01E00 s01e07_Duty.and.Honor.avi,COULD_NOT_INFER
6083,The.Americans.20113-2018.web-dlrip_[teko] S01E00 s01e08_Mutually.Assured.Destruction.avi,COULD_NOT_INFER
6084,The.Americans.20113-2018.web-dlrip_[teko] S01E00 s01e09_Safe.House.avi,COULD_NOT_INFER
6085,The.Americans.20113-2018.web-dlrip_[teko] S01E00 s01e10_Only.You.avi,COULD_NOT_INFER
6086,The.Americans.20113-2018.web-dlrip_[teko] S01E00 s01e11_Covert.War.avi,COULD_NOT_INFER
6087,The.Americans.20113-2018.web-dlrip_[teko] S01E00 s01e12_The.Oath.avi,COULD_NOT_INFER
6088,The.Americans.20113-2018.web-dlrip_[teko] S01E00 s01e13_The.Colonel.avi,COULD_NOT_INFER
6089,The.Americans.20113-2018.web-dlrip_[teko] (сезон 2),COULD_NOT_INFER
6090,The.Americans.20113-2018.web-dlrip_[teko] S02E00 s02e01_Comrades.avi,COULD_NOT_INFER
6091,The.Americans.20113-2018.web-dlrip_[teko] S02E00 s02e02_Cardinal.avi,COULD_NOT_INFER
6092,The.Americans.20113-2018.web-dlrip_[teko] S02E00 s02e03_The.Walk-In.avi,COULD_NOT_INFER
6093,The.Americans.20113-2018.web-dlrip_[teko] S02E00 s02e04_A.Little.Night.Music.avi,COULD_NOT_INFER
6094,The.Americans.20113-2018.web-dlrip_[teko] S02E00 s02e05_The.Deal.avi,COULD_NOT_INFER
6095,The.Americans.20113-2018.web-dlrip_[teko] S02E00 s02e06_Behind.the.Red.Door.avi,COULD_NOT_INFER
6096,The.Americans.20113-2018.web-dlrip_[teko] S02E00 s02e07_ARPANET.avi,COULD_NOT_INFER
6097,The.Americans.20113-2018.web-dlrip_[teko] S02E00 s02e08_New.Car.avi,COULD_NOT_INFER
6098,The.Americans.20113-2018.web-dlrip_[teko] S02E00 s02e09_Martial.Eagle.avi,COULD_NOT_INFER
6099,The.Americans.20113-2018.web-dlrip_[teko] S02E00 s02e10_Yousaf.avi,COULD_NOT_INFER
6100,The.Americans.20113-2018.web-dlrip_[teko] S02E00 s02e11_Stealth.avi,COULD_NOT_INFER
6101,The.Americans.20113-2018.web-dlrip_[teko] S02E00 s02e12_Operation.Chronicle.avi,COULD_NOT_INFER
6102,The.Americans.20113-2018.web-dlrip_[teko] S02E00 s02e13_Echo.avi,COULD_NOT_INFER
6103,The.Americans.20113-2018.web-dlrip_[teko] (сезон 3),COULD_NOT_INFER
6104,The.Americans.20113-2018.web-dlrip_[teko] S03E00 s03e01_EST.Men.avi,COULD_NOT_INFER
6105,The.Americans.20113-2018.web-dlrip_[teko] S03E00 s03e02_Baggage.avi,COULD_NOT_INFER
6106,The.Americans.20113-2018.web-dlrip_[teko] S03E00 s03e03_Open.House.avi,COULD_NOT_INFER
6107,The.Americans.20113-2018.web-dlrip_[teko] S03E00 s03e04_Dimebag.avi,COULD_NOT_INFER
6108,The.Americans.20113-2018.web-dlrip_[teko] S03E00 s03e05_Salang.Pass.avi,COULD_NOT_INFER
6109,The.Americans.20113-2018.web-dlrip_[teko] S03E00 s03e06_Born.Again.avi,COULD_NOT_INFER
6110,The.Americans.20113-2018.web-dlrip_[teko] S03E00 s03e07_Walter.Taffet.avi,COULD_NOT_INFER
6111,The.Americans.20113-2018.web-dlrip_[teko] S03E00 s03e08_Divestment.avi,COULD_NOT_INFER
6112,The.Americans.20113-2018.web-dlrip_[teko] S03E00 s03e09_Do.Mail.Robots.Dream.of.Electric.Sheep.avi,COULD_NOT_INFER
6113,The.Americans.20113-2018.web-dlrip_[teko] S03E00 s03e10_Stingers.avi,COULD_NOT_INFER
6114,The.Americans.20113-2018.web-dlrip_[teko] S03E00 s03e11_One.Day.in.the.Life.of.Anton.Baklanov.avi,COULD_NOT_INFER
6115,The.Americans.20113-2018.web-dlrip_[teko] S03E00 s03e12_I.Am.Abassin.Zadran.avi,COULD_NOT_INFER
6116,"The.Americans.20113-2018.web-dlrip_[teko] S03E00 s03e13_March.8,1983.avi",COULD_NOT_INFER
6117,The.Americans.20113-2018.web-dlrip_[teko] (сезон 4),COULD_NOT_INFER
6118,The.Americans.20113-2018.web-dlrip_[teko] S04E00 s04e01_Glanders.avi,COULD_NOT_INFER
6119,The.Americans.20113-2018.web-dlrip_[teko] S04E00 s04e02_Pastor.Tim.avi,COULD_NOT_INFER
6120,The.Americans.20113-2018.web-dlrip_[teko] S04E00 s04e03_Experimental.Prototype.City.of.Tomorrow.avi,COULD_NOT_INFER
6121,The.Americans.20113-2018.web-dlrip_[teko] S04E00 s04e04_Chloramphenicol.avi,COULD_NOT_INFER
6122,The.Americans.20113-2018.web-dlrip_[teko] S04E00 s04e05_Clark's.Place.avi,COULD_NOT_INFER
6123,The.Americans.20113-2018.web-dlrip_[teko] S04E00 s04e06_The.Rat.avi,COULD_NOT_INFER
6124,The.Americans.20113-2018.web-dlrip_[teko] S04E00 s04e07_Travel.Agents.avi,COULD_NOT_INFER
6125,The.Americans.20113-2018.web-dlrip_[teko] S04E00 s04e08_The.Magic.of.David.Copperfield.V_The.Statue.of.Liberty.Disappears.avi,COULD_NOT_INFER
6126,The.Americans.20113-2018.web-dlrip_[teko] S04E00 s04e09_The.Day.After.avi,COULD_NOT_INFER
6127,The.Americans.20113-2018.web-dlrip_[teko] S04E00 s04e10_Munchkins.avi,COULD_NOT_INFER
6128,The.Americans.20113-2018.web-dlrip_[teko] S04E00 s04e11_Dinner.for.Seven.avi,COULD_NOT_INFER
6129,The.Americans.20113-2018.web-dlrip_[teko] S04E00 s04e12_A.Roy.Rogers.in.Franconia.avi,COULD_NOT_INFER
6130,The.Americans.20113-2018.web-dlrip_[teko] S04E00 s04e13_Persona.Non.Grata.avi,COULD_NOT_INFER
6131,The.Americans.20113-2018.web-dlrip_[teko] (сезон 5),COULD_NOT_INFER
6132,The.Americans.20113-2018.web-dlrip_[teko] S05E00 s05e01_Amber.Waves.avi,COULD_NOT_INFER
6133,The.Americans.20113-2018.web-dlrip_[teko] S05E00 s05e02_Pests.avi,COULD_NOT_INFER
6134,The.Americans.20113-2018.web-dlrip_[teko] S05E00 s05e03_The.Midges.avi,COULD_NOT_INFER
6135,The.Americans.20113-2018.web-dlrip_[teko] S05E00 s05e04_What's.the.Matter.with.Kansas.avi,COULD_NOT_INFER
6136,The.Americans.20113-2018.web-dlrip_[teko] S05E00 s05e05_Lotus.1-2-3.avi,COULD_NOT_INFER
6137,The.Americans.20113-2018.web-dlrip_[teko] S05E00 s05e06_Crossbreed.avi,COULD_NOT_INFER
6138,The.Americans.20113-2018.web-dlrip_[teko] S05E00 s05e07_The.Committee.on.Human.Rights.avi,COULD_NOT_INFER
6139,The.Americans.20113-2018.web-dlrip_[teko] S05E00 s05e08_Immersion.avi,COULD_NOT_INFER
6140,The.Americans.20113-2018.web-dlrip_[teko] S05E00 s05e09_IHOP.avi,COULD_NOT_INFER
6141,The.Americans.20113-2018.web-dlrip_[teko] S05E00 s05e10_Darkroom.avi,COULD_NOT_INFER
6142,The.Americans.20113-2018.web-dlrip_[teko] S05E00 s05e11_Dyatkovo.avi,COULD_NOT_INFER
6143,The.Americans.20113-2018.web-dlrip_[teko] S05E00 s05e12_The.World.Council.of.Churches.avi,COULD_NOT_INFER
6144,The.Americans.20113-2018.web-dlrip_[teko] S05E00 s05e13_The.Soviet.Division.avi,COULD_NOT_INFER
6145,The.Americans.20113-2018.web-dlrip_[teko] (сезон 6),COULD_NOT_INFER
6146,The.Americans.20113-2018.web-dlrip_[teko] S06E00 s06e01_Dead.Hand.avi,COULD_NOT_INFER
6147,The.Americans.20113-2018.web-dlrip_[teko] S06E00 s06e02_Tchaikovsky.avi,COULD_NOT_INFER
6148,The.Americans.20113-2018.web-dlrip_[teko] S06E00 s06e03_Urban.Transport.Planning.avi,COULD_NOT_INFER
6149,The.Americans.20113-2018.web-dlrip_[teko] S06E00 s06e04_Mr.and.Mrs.Teacup.avi,COULD_NOT_INFER
6150,The.Americans.20113-2018.web-dlrip_[teko] S06E00 s06e05_The.Great.Patriotic.War.avi,COULD_NOT_INFER
6151,The.Americans.20113-2018.web-dlrip_[teko] S06E00 s06e06_Rififi.avi,COULD_NOT_INFER
6152,The.Americans.20113-2018.web-dlrip_[teko] S06E00 s06e07_Harvest.avi,COULD_NOT_INFER
6153,The.Americans.20113-2018.web-dlrip_[teko] S06E00 s06e08_The.Summit.avi,COULD_NOT_INFER
6154,"The.Americans.20113-2018.web-dlrip_[teko] S06E00 s06e09_Jennings,Elizabeth.avi",COULD_NOT_INFER
6155,The.Americans.20113-2018.web-dlrip_[teko] S06E00 s06e10_START.avi,COULD_NOT_INFER
6156,Щит (сезон 1),COULD_NOT_INFER
6157,Щит S01E00 The.Shield.S01E01.HDRip.RGzsRutracker.avi,COULD_NOT_INFER
6158,Щит S01E00 The.Shield.S01E02.HDRip.RGzsRutracker.avi,COULD_NOT_INFER
6159,Щит S01E00 The.Shield.S01E03.HDRip.RGzsRutracker.avi,COULD_NOT_INFER
6160,Щит S01E00 The.Shield.S01E04.HDRip.RGzsRutracker.avi,COULD_NOT_INFER
6161,Щит S01E00 The.Shield.S01E05.HDRip.RGzsRutracker.avi,COULD_NOT_INFER
6162,Щит S01E00 The.Shield.S01E06.HDRip.RGzsRutracker.avi,COULD_NOT_INFER
6163,Щит S01E00 The.Shield.S01E07.HDRip.RGzsRutracker.avi,COULD_NOT_INFER
6164,Щит S01E00 The.Shield.S01E08.HDRip.RGzsRutracker.avi,COULD_NOT_INFER
6165,Щит S01E00 The.Shield.S01E09.HDRip.RGzsRutracker.avi,COULD_NOT_INFER
6166,Щит S01E00 The.Shield.S01E10.HDRip.RGzsRutracker.avi,COULD_NOT_INFER
6167,Щит S01E00 The.Shield.S01E11.HDRip.RGzsRutracker.avi,COULD_NOT_INFER
6168,Щит S01E00 The.Shield.S01E12.HDRip.RGzsRutracker.avi,COULD_NOT_INFER
6169,Щит S01E00 The.Shield.S01E13.HDRip.RGzsRutracker.avi,COULD_NOT_INFER
6170,Щит (сезон 2),COULD_NOT_INFER
6171,Щит S02E00 The.Shield.S02E01.HDRip.RGzsRutracker.avi,COULD_NOT_INFER
6172,Щит S02E00 The.Shield.S02E02.HDRip.RGzsRutracker.avi,COULD_NOT_INFER
6173,Щит S02E00 The.Shield.S02E03.HDRip.RGzsRutracker.avi,COULD_NOT_INFER
6174,Щит S02E00 The.Shield.S02E04.HDRip.RGzsRutracker.avi,COULD_NOT_INFER
6175,Щит S02E00 The.Shield.S02E05.HDRip.RGzsRutracker.avi,COULD_NOT_INFER
6176,Щит S02E00 The.Shield.S02E06.HDRip.RGzsRutracker.avi,COULD_NOT_INFER
6177,Щит S02E00 The.Shield.S02E07.HDRip.RGzsRutracker.avi,COULD_NOT_INFER
6178,Щит S02E00 The.Shield.S02E08.HDRip.RGzsRutracker.avi,COULD_NOT_INFER
6179,Щит S02E00 The.Shield.S02E09.HDRip.RGzsRutracker.avi,COULD_NOT_INFER
6180,Щит S02E00 The.Shield.S02E10.HDRip.RGzsRutracker.avi,COULD_NOT_INFER
6181,Щит S02E00 The.Shield.S02E11.HDRip.RGzsRutracker.avi,COULD_NOT_INFER
6182,Щит S02E00 The.Shield.S02E12.HDRip.RGzsRutracker.avi,COULD_NOT_INFER
6183,Щит S02E00 The.Shield.S02E13.HDRip.RGzsRutracker.avi,COULD_NOT_INFER
6184,Щит (сезон 3),COULD_NOT_INFER
6185,Щит S03E00 The.Shield.S03E01.HDRip.RGzsRutracker.avi,COULD_NOT_INFER
6186,Щит S03E00 The.Shield.S03E02.HDRip.RGzsRutracker.avi,COULD_NOT_INFER
6187,Щит S03E00 The.Shield.S03E03.HDRip.RGzsRutracker.avi,COULD_NOT_INFER
6188,Щит S03E00 The.Shield.S03E04.HDRip.RGzsRutracker.avi,COULD_NOT_INFER
6189,Щит S03E00 The.Shield.S03E05.HDRip.RGzsRutracker.avi,COULD_NOT_INFER
6190,Щит S03E00 The.Shield.S03E06.HDRip.RGzsRutracker.avi,COULD_NOT_INFER
6191,Щит S03E00 The.Shield.S03E07.HDRip.RGzsRutracker.avi,COULD_NOT_INFER
6192,Щит S03E00 The.Shield.S03E08.HDRip.RGzsRutracker.avi,COULD_NOT_INFER
6193,Щит S03E00 The.Shield.S03E09.HDRip.RGzsRutracker.avi,COULD_NOT_INFER
6194,Щит S03E00 The.Shield.S03E10.HDRip.RGzsRutracker.avi,COULD_NOT_INFER
6195,Щит S03E00 The.Shield.S03E11.HDRip.RGzsRutracker.avi,COULD_NOT_INFER
6196,Щит S03E00 The.Shield.S03E12.HDRip.RGzsRutracker.avi,COULD_NOT_INFER
6197,Щит S03E00 The.Shield.S03E13.HDRip.RGzsRutracker.avi,COULD_NOT_INFER
6198,Щит S03E00 The.Shield.S03E14.HDRip.RGzsRutracker.avi,COULD_NOT_INFER
6199,Щит S03E00 The.Shield.S03E15.HDRip.RGzsRutracker.avi,COULD_NOT_INFER
6200,Щит (сезон 4),COULD_NOT_INFER
6201,Щит S04E00 The.Shield.S04E01.HDRip.RGzsRutracker.avi,COULD_NOT_INFER
6202,Щит S04E00 The.Shield.S04E02.HDRip.RGzsRutracker.avi,COULD_NOT_INFER
6203,Щит S04E00 The.Shield.S04E03.HDRip.RGzsRutracker.avi,COULD_NOT_INFER
6204,Щит S04E00 The.Shield.S04E04.HDRip.RGzsRutracker.avi,COULD_NOT_INFER
6205,Щит S04E00 The.Shield.S04E05.HDRip.RGzsRutracker.avi,COULD_NOT_INFER
6206,Щит S04E00 The.Shield.S04E06.HDRip.RGzsRutracker.avi,COULD_NOT_INFER
6207,Щит S04E00 The.Shield.S04E07.HDRip.RGzsRutracker.avi,COULD_NOT_INFER
6208,Щит S04E00 The.Shield.S04E08.HDRip.RGzsRutracker.avi,COULD_NOT_INFER
6209,Щит S04E00 The.Shield.S04E09.HDRip.RGzsRutracker.avi,COULD_NOT_INFER
6210,Щит S04E00 The.Shield.S04E10.HDRip.RGzsRutracker.avi,COULD_NOT_INFER
6211,Щит S04E00 The.Shield.S04E11.HDRip.RGzsRutracker.avi,COULD_NOT_INFER
6212,Щит S04E00 The.Shield.S04E12.HDRip.RGzsRutracker.avi,COULD_NOT_INFER
6213,Щит S04E00 The.Shield.S04E13.HDRip.RGzsRutracker.avi,COULD_NOT_INFER
6214,Щит (сезон 5),COULD_NOT_INFER
6215,Щит S05E00 The.Shield.S05E01.HDRip.RGzsRutracker.avi,COULD_NOT_INFER
6216,Щит S05E00 The.Shield.S05E02.HDRip.RGzsRutracker.avi,COULD_NOT_INFER
6217,Щит S05E00 The.Shield.S05E03.HDRip.RGzsRutracker.avi,COULD_NOT_INFER
6218,Щит S05E00 The.Shield.S05E04.HDRip.RGzsRutracker.avi,COULD_NOT_INFER
6219,Щит S05E00 The.Shield.S05E05.HDRip.RGzsRutracker.avi,COULD_NOT_INFER
6220,Щит S05E00 The.Shield.S05E06.HDRip.RGzsRutracker.avi,COULD_NOT_INFER
6221,Щит S05E00 The.Shield.S05E07.HDRip.RGzsRutracker.avi,COULD_NOT_INFER
6222,Щит S05E00 The.Shield.S05E08.HDRip.RGzsRutracker.avi,COULD_NOT_INFER
6223,Щит S05E00 The.Shield.S05E09.HDRip.RGzsRutracker.avi,COULD_NOT_INFER
6224,Щит S05E00 The.Shield.S05E10.HDRip.RGzsRutracker.avi,COULD_NOT_INFER
6225,Щит S05E00 The.Shield.S05E11.HDRip.RGzsRutracker.avi,COULD_NOT_INFER
6226,Щит (сезон 6),COULD_NOT_INFER
6227,Щит S06E00 The.Shield.S06E01.HDRip.RGzsRutracker.avi,COULD_NOT_INFER
6228,Щит S06E00 The.Shield.S06E02.HDRip.RGzsRutracker.avi,COULD_NOT_INFER
6229,Щит S06E00 The.Shield.S06E03.HDRip.RGzsRutracker.avi,COULD_NOT_INFER
6230,Щит S06E00 The.Shield.S06E04.HDRip.RGzsRutracker.avi,COULD_NOT_INFER
6231,Щит S06E00 The.Shield.S06E05.HDRip.RGzsRutracker.avi,COULD_NOT_INFER
6232,Щит S06E00 The.Shield.S06E06.HDRip.RGzsRutracker.avi,COULD_NOT_INFER
6233,Щит S06E00 The.Shield.S06E07.HDRip.RGzsRutracker.avi,COULD_NOT_INFER
6234,Щит S06E00 The.Shield.S06E08.HDRip.RGzsRutracker.avi,COULD_NOT_INFER
6235,Щит S06E00 The.Shield.S06E09.HDRip.RGzsRutracker.avi,COULD_NOT_INFER
6236,Щит S06E00 The.Shield.S06E10.HDRip.RGzsRutracker.avi,COULD_NOT_INFER
6237,Щит (сезон 7),COULD_NOT_INFER
6238,Щит S07E00 The.Shield.S07E01.HDRip.RGzsRutracker.avi,COULD_NOT_INFER
6239,Щит S07E00 The.Shield.S07E02.HDRip.RGzsRutracker.avi,COULD_NOT_INFER
6240,Щит S07E00 The.Shield.S07E03.HDRip.RGzsRutracker.avi,COULD_NOT_INFER
6241,Щит S07E00 The.Shield.S07E04.HDRip.RGzsRutracker.avi,COULD_NOT_INFER
6242,Щит S07E00 The.Shield.S07E05.HDRip.RGzsRutracker.avi,COULD_NOT_INFER
6243,Щит S07E00 The.Shield.S07E06.HDRip.RGzsRutracker.avi,COULD_NOT_INFER
6244,Щит S07E00 The.Shield.S07E07.HDRip.RGzsRutracker.avi,COULD_NOT_INFER
6245,Щит S07E00 The.Shield.S07E08.HDRip.RGzsRutracker.avi,COULD_NOT_INFER
6246,Щит S07E00 The.Shield.S07E09.HDRip.RGzsRutracker.avi,COULD_NOT_INFER
6247,Щит S07E00 The.Shield.S07E10.HDRip.RGzsRutracker.avi,COULD_NOT_INFER
6248,Щит S07E00 The.Shield.S07E11.HDRip.RGzsRutracker.avi,COULD_NOT_INFER
6249,Щит S07E00 The.Shield.S07E12.HDRip.RGzsRutracker.avi,COULD_NOT_INFER
6250,Щит S07E00 The.Shield.S07E13.HDRip.RGzsRutracker.avi,COULD_NOT_INFER
6257,Живые и мертвые,COULD_NOT_INFER
6258,Индиана Джонс,COULD_NOT_INFER
6270,500 дней лета,COULD_NOT_INFER
6279,Mean.Streets.1973.bdrip_[1.46]_[teko],COULD_NOT_INFER
6280,Moulin.Rouge.2001,COULD_NOT_INFER
6287,Prizrak.opery.2004,COULD_NOT_INFER
