path,exists
X:\сериалы\The Crown (Season 6) WEB-DL 1080p,True
X:\сериалы\The.Perfect.Couple.2024.S01.NF.WEB-DLRip-AVC.x264.seleZen,True
R:\фильмы\Ballada.o.soldate.1959.RUS.BDRip.XviD.AC3.-HQCLUB.avi,True
R:\фильмы\Leviafan_2014_BDRip_[rutracker.org].avi,True
R:\фильмы\Nelubov.2017.BDRip.2.18Gb.RUS.avi,True
R:\фильмы\Six Days Seven Nights.1998.HDTVRip.x264.960x.rip by Frost O.S.mp4,True
R:\фильмы\V.boy.idut.odni.stariki.1973.BDRip.AVC.mkv,True
"R:\фильмы\Догони, если сможешь - Catch Me If You Can [by ale_x2008] fix.avi",True
R:\фильмы\Живые и мертвые,True
R:\фильмы\Индиана Джонс,True
Y:\сериалы\Fosse.Verdon.S01.1080p.TVShows,True
T:\фильмы\Den'gi_na_dvoih_[torrents.ru]_by_Scarabey.avi,True
T:\сериалы\01 Lupin,True
T:\сериалы\02 Escape.at.Dannemora.2018.S01.1080p.AMZN.WEB-DL.H.264.RUS.LF.DDP5.1,True
T:\сериалы\03 Homeland,True
T:\сериалы\04 Ray.Donovan.S01-07,True
T:\сериалы\05 Аббатство Даунтон (Downton Abbey) (2010-2019 BDRip),True
T:\сериалы\06 Джон Уик,True
T:\сериалы\07 Крепкий орешек,True
T:\сериалы\08 Позолоченный век,True
R:\сериалы\02 Терапия (Shrinking),True
R:\сериалы\Agatha Christie's Poirot,True
R:\сериалы\Babylon.Berlin,True
Y:\сериалы\Legends,True
R:\сериалы\Mozart.in.the.Jungle.S03.2016.WEBRip.1080p.Rus.Eng.Subs.AMS,True
R:\сериалы\Nero the Assassin 1 - LostFilm.TV [1080p],True
R:\сериалы\Only Murders in the Building 4 - LostFilm.TV [1080p],True
R:\сериалы\Spartacus. House of Ashur 1 - LostFilm.TV [1080p],True
R:\сериалы\The.Pacific.S01.1080p.BDRip.5xRus.Eng.HDCLUB,True
R:\сериалы\Артист.2019.WEB-DLRip. Files-x,True
R:\сериалы\Большой артист. .2019.WEB-DLRip. Files-x,True
R:\сериалы\Мошенники (Sahtekarlar),True
R:\сериалы\Тед Лассо,False
X:\фильмы\Red.2010.BD.Rip.1080p.mkv,True
X:\фильмы\About.Smidt.2002.BDRip-AVC.OIV.mkv,True
X:\фильмы\As Good as It Gets.1997.HDRip-AVC.mkv,True
X:\фильмы\Citizen.Vigilante.2026.1080p.AMZN.WEB-DL.DDP5.1.H.264.mkv,True
X:\фильмы\Fractured.2019.NF.WEB-DL.1080p.mkv,True
X:\фильмы\Gran_Torino_[nnm-club].mkv,True
X:\фильмы\Mad.Men.S02E03.1080p.rus.LostFilm.TV.mkv,True
X:\фильмы\Mad.Men.S02E09.1080p.rus.LostFilm.TV.mkv,True
X:\фильмы\Mad.Men.S02E11.1080p.rus.LostFilm.TV.mkv,True
X:\фильмы\Maggie.Moores.2023.D.MVO.AMZN.WEB-DL.1080p.seleZen.mkv,True
X:\фильмы\Mollys.Game.2017.WEB-DLRip.1.46Gb.NNM-CLUB.avi,True
X:\фильмы\Sobaka.na.sene.1977.avi,True
X:\фильмы\The Death of Robin Hood (2026).mkv,True
X:\фильмы\The.Devil.Wears.Prada.2.2026.1080p.AMZN.WEB-DL.DDP5.1.H.264.mkv,True
X:\фильмы\The.Drama.2026.1080p.BluRay.x264-ATELiER_EniaHD.mkv,True
X:\фильмы\The.Hitmans.Bodyguard.2017.BDRip.1.46Gb.Dub.avi,True
X:\фильмы\The.Two.Popes.2019.NF.WEB-DL.1080p.mkv,True
X:\фильмы\Şımarık.2024.DUB.WEB-DLRip-AVC.seleZen.mkv,True
X:\фильмы\Перелом.1080p.mkv,True
X:\фильмы\Саботаж.1996 (М.Дакаскос).NNM-CLUB.mkv,True
"X:\сериалы\1941, 1942, 1943",True
X:\сериалы\A.Gentleman.in.Moscow.S01.1080p.WEB-DL.H.264-RGzsRutracker,True
X:\сериалы\Anger.Management.S02.rus.LostFilm,True
X:\сериалы\Betrayal.S01.1080p,True
X:\сериалы\Bosch,True
X:\сериалы\Brilliant.Minds.2025.S02.WEB-DL.1080p.TVShows.HDRezka,True
X:\сериалы\Brilliant.Minds.S01.1080p.PCOK.WEB-DL.H.264,True
X:\сериалы\Californication 1 - LostFilm.TV,True
X:\сериалы\Californication 2 HD - LostFilm.TV,True
X:\сериалы\Californication 3 HD - LostFilm.TV,True
X:\сериалы\Californication 4 - LostFilm.TV,True
X:\сериалы\Californication 5 - LostFilm.TV [720p],True
X:\сериалы\Californication 6 - LostFilm.TV [720p],True
X:\сериалы\Californication 7 - LostFilm.TV [720p],True
X:\сериалы\Cirkin.s01.WEB-DLRip1080p,True
X:\сериалы\Dalekiy gorod 2 sezon,True
X:\сериалы\Dirilis.Ertugrul.s05.MVO,True
X:\сериалы\Dosie_Detektiva_Dubrovskogo_18_serii_1999_DVD-5_[torrents.ru],True
X:\сериалы\Endeavour Season III,True
X:\сериалы\Endeavour.S01.BDRip.x264.DD2.0.2xRus.Eng-E76,True
X:\сериалы\ERTUGRUL.02.sezon.2015.WEB-DLRip,True
X:\сериалы\Ertugrul.s03.rus.L1.turok1990.WEBRip,True
X:\сериалы\Ertugrul.Vozrozhdenie.04.sezony.rus.turok1990.L1.2017.WEBRip,True
X:\сериалы\Gordost_i_predubezhdenie_[torrents.ru],True
X:\сериалы\Grace.and.Frankie.S01.1080p.WEBRip.Rus.Eng.Subs-alekartem,True
X:\сериалы\Groznyj.2020.HDTVRip.(720p).ExKinoRay,True
X:\сериалы\Hotel.Eleon.2017.S03.WEB-DL(1080p).OlLanDGroup,True
X:\сериалы\Insomnia.2024.S01.WEB-DL.1080p.TVShows,True
X:\сериалы\Izmeny.2015.WEB-DL.(1080p),True
X:\сериалы\Kizilcik Serbeti.s04.WEB-DLRip1080p,True
X:\сериалы\Kurulus.Osman.S01.DUB.WEBRip.1080p,True
X:\сериалы\Kurulus.Osman.S02.DUB.WEBRip.1080p,True
X:\сериалы\Mad Men 1 - LostFilm.TV [1080p],True
X:\сериалы\Marie.Antoinette.S02.MVO.BDRip.1080p,True
X:\сериалы\Muhtesem Yuzyil,True
X:\сериалы\Osnovanie Osman 4 sezon,True
X:\сериалы\Osnovanie.Osman.03.sezon.2021.rus.DVO.WEB-DLRip.1080p,True
X:\сериалы\Ottepel.2013.4xDVD9,True
X:\сериалы\Protyvostoyanie.s01.2019.L1.WEBRip720p,True
X:\сериалы\Rome 1 - LostFilm.TV [1080p],True
X:\сериалы\Rome 2 - LostFilm.TV [1080p],True
X:\сериалы\Schmigadoon! (Season 1-2),True
X:\сериалы\Shameless (US). Full HD BD-Remux by Wild_Cat,True
X:\сериалы\Shogun.2024.WEB-DLRip-AVC.Rus.Dub.FMedia,True
X:\сериалы\Silo (Season 2) WEB-DL 1080p,True
X:\сериалы\Snowpiercer.S0.WEB-DL.720p.Rus.Eng,True
X:\сериалы\Snowpiercer.S03.AMZN.WEB-DL.720p.Dub,True
X:\сериалы\Soderzhanki.S01.2019.WEB-DL.(1080p).Getty,True
X:\сериалы\Soderzhanki.s02.2020.WEB-DL.(1080p).Getty,True
X:\сериалы\Soderzhanki.S03.2021.WEB-DL.(1080p).Getty,True
X:\сериалы\Soderzhanki.S04.2023.WEBRip.1080p,True
X:\сериалы\Sugar.S01.2024.WEB-DLRip-AVC.x264.seleZen,True
X:\сериалы\Tehran.AV1.WEBRip(1080p).8 bit.Djon,True
X:\сериалы\The Blacklist 2 - LostFilm.TV [1080p],True
X:\сериалы\The Blacklist 4 - LostFilm.TV [1080p],True
X:\сериалы\The Blacklist 6 - LostFilm.TV [1080p],True
X:\сериалы\The Blacklist 7 - LostFilm.TV [1080p],True
X:\сериалы\The Blacklist 9 - LostFilm.TV [1080p],True
X:\сериалы\The Crown (Season 4) WEB-DLRip,True
X:\сериалы\The King's Affection,True
X:\сериалы\The Spanish Princess.S01.WEB_DLRip.TVShows,True
X:\сериалы\The Terminal List (Season 1) WEB-DL 2160p,True
X:\сериалы\The Terminal List Dark Wolf (Season 1) WEB-DL 1080p,True
X:\сериалы\The Wonderful Story of Henry Sugar 1 - LostFilm.TV [1080p],True
X:\сериалы\The.Last.Czars.S01.1080p.TVShows,True
X:\сериалы\The.Last.Kingdom.2015.bdrip_[teko],True
X:\сериалы\The.Marvelous.Mrs.Maisel.1080p.AMZN.WEB-DL.3xRus.Eng.Subs-alekartem,True
X:\сериалы\The.Recruit.s01.WEBRip.1080.H264.Rus.RuDub,True
X:\сериалы\The.Recruit.S02.1080p.ViruseProject,True
X:\сериалы\The.Terminal.List.S01.1080p.TVShows,True
X:\сериалы\The.Terminal.List.S01.2160p,True
X:\сериалы\Vozrozdenie.Ertugrul.2015.Web-DLRip,True
X:\сериалы\Westworld 1 - LostFilm.TV [1080p],True
X:\сериалы\Westworld 2 - LostFilm.TV [1080p],True
X:\сериалы\Westworld 3 - LostFilm.TV [1080p],True
X:\сериалы\Westworld 4 - LostFilm.TV [1080p],True
X:\сериалы\White.Collar.Dub,True
X:\сериалы\Young.Royals.1080p.WEB-DL.Sub.Rus.Ukr.Swe-alekartem,True
X:\сериалы\Zavist,True
"X:\сериалы\Аргентина, земля любви и мести",True
X:\сериалы\Великолепный век (Выдающийся век) (Muhtesem Yuzyil) (2011-2014 WEB-DL),True
X:\сериалы\Годунов,True
X:\сериалы\Госслужащий 01-12 (2019),True
X:\сериалы\Елизавета.2022.WEB-DLRip.Files-x,True
X:\сериалы\За гранью (2008-2013 Fringe)_FHD_ely,True
X:\сериалы\Зонтик королевы Under The Queen's Umbrella.2022.S01,True
X:\сериалы\Идеальная пара,True
"X:\сериалы\Идеальная пара  Perfect Match (озвучка Light Breeze, DubLikTV)",True
X:\сериалы\Измена. Сезон 1,True
X:\сериалы\ИНСТИТУТ БЛАГОРОДНЫХ ДЕВИЦ,True
X:\сериалы\Крылья Империи,True
"X:\сериалы\Молодой Морс (2018, сезон 5, 1-6 из 6) HDTVRip 1080р ЛМ (ColdFilm)",True
X:\сериалы\Неукротимый (Frantic),True
X:\сериалы\Отель Элеон.S02.WEB-DL.1080p.Files-x,True
X:\сериалы\Петербургские тайны.1994-1998.XviD.SATRip.Generalfilm,True
X:\сериалы\Покорение Дворца Яньси,True
X:\сериалы\Укрытие (Silo) Сезон 1,True
X:\сериалы\Укрытие (Silo) Сезон 3,True
R:\сериалы\Испанская принцесса (720p). Сезон 2,True
R:\фильмы\Джеймс Бонд,True
Y:\сериалы\American Odyssey 1 - LostFilm.TV [1080p],True
Y:\сериалы\Band of Brothers (Season 1) Пифагор BDRip,True
Y:\сериалы\Barry,True
R:\сериалы\Agatha Christie's Poirot\Season 1,True
R:\сериалы\Agatha Christie's Poirot\Season 1\01 The Adventure of the Clapham Cook (HD).m4v,True
R:\сериалы\Agatha Christie's Poirot\Season 1\02 Murder in the Mews (HD).m4v,True
R:\сериалы\Agatha Christie's Poirot\Season 1\03 The Adventure of Johnnie Waverly (HD).m4v,True
R:\сериалы\Agatha Christie's Poirot\Season 1\04 Four and Twenty Blackbirds (HD).m4v,True
R:\сериалы\Agatha Christie's Poirot\Season 1\05 The Third Floor Flat (HD).m4v,True
R:\сериалы\Agatha Christie's Poirot\Season 1\06 Triangle at Rhodes (HD).m4v,True
R:\сериалы\Agatha Christie's Poirot\Season 1\07 Problem at Sea (HD).m4v,True
R:\сериалы\Agatha Christie's Poirot\Season 1\08 The Incredible Theft (HD).m4v,True
R:\сериалы\Agatha Christie's Poirot\Season 1\09 The King of Clubs (HD).m4v,True
R:\сериалы\Agatha Christie's Poirot\Season 1\10 The Dream (HD).m4v,True
R:\сериалы\Agatha Christie's Poirot\Season 10,True
R:\сериалы\Agatha Christie's Poirot\Season 10\01 The Mystery of the Blue Train (HD).m4v,True
R:\сериалы\Agatha Christie's Poirot\Season 10\02 Cards On the Table (HD).m4v,True
R:\сериалы\Agatha Christie's Poirot\Season 10\03 After the Funeral (HD).m4v,True
R:\сериалы\Agatha Christie's Poirot\Season 10\04 Taken At the Flood (HD).m4v,True
R:\сериалы\Agatha Christie's Poirot\Season 11,True
R:\сериалы\Agatha Christie's Poirot\Season 11\01 Mrs McGinty's Dead (HD).m4v,True
R:\сериалы\Agatha Christie's Poirot\Season 11\02 Cat Among the Pigeons (HD).m4v,True
R:\сериалы\Agatha Christie's Poirot\Season 11\03 Third Girl (HD).m4v,True
R:\сериалы\Agatha Christie's Poirot\Season 11\04 Appointment With Death (HD).m4v,True
R:\сериалы\Agatha Christie's Poirot\Season 12,True
R:\сериалы\Agatha Christie's Poirot\Season 12\01 The Clocks (HD).m4v,True
R:\сериалы\Agatha Christie's Poirot\Season 12\02 Three Act Tragedy (HD).m4v,True
R:\сериалы\Agatha Christie's Poirot\Season 12\03 Hallowe'en Party (HD).m4v,True
R:\сериалы\Agatha Christie's Poirot\Season 12\04 Murder On the Orient Express (HD).m4v,True
R:\сериалы\Agatha Christie's Poirot\Season 13,True
R:\сериалы\Agatha Christie's Poirot\Season 13\01 Elephants Can Remember (HD).m4v,True
R:\сериалы\Agatha Christie's Poirot\Season 13\02 The Big Four (HD).m4v,True
R:\сериалы\Agatha Christie's Poirot\Season 13\03 Dead Man's Folly (HD).m4v,True
R:\сериалы\Agatha Christie's Poirot\Season 13\04 The Labour of Hercules (HD).m4v,True
R:\сериалы\Agatha Christie's Poirot\Season 13\05 Curtain_ Poirot's Final Case (HD).m4v,True
R:\сериалы\Agatha Christie's Poirot\Season 2,True
R:\сериалы\Agatha Christie's Poirot\Season 2\01 Peril At End House (HD).m4v,True
R:\сериалы\Agatha Christie's Poirot\Season 2\02 The Veiled Lady (HD).m4v,True
R:\сериалы\Agatha Christie's Poirot\Season 2\03 The Lost Mine (HD).m4v,True
R:\сериалы\Agatha Christie's Poirot\Season 2\04 The Cornish Mystery (HD).m4v,True
R:\сериалы\Agatha Christie's Poirot\Season 2\05 The Disappearance of Mr. Davenheim (HD).m4v,True
R:\сериалы\Agatha Christie's Poirot\Season 2\06 Double Sin (HD).m4v,True
R:\сериалы\Agatha Christie's Poirot\Season 2\07 Adventure of the Cheap Flat (HD).m4v,True
R:\сериалы\Agatha Christie's Poirot\Season 2\08 The Kidnapped Prime Minister (HD).m4v,True
R:\сериалы\Agatha Christie's Poirot\Season 2\09 The Adventure of the Western Star (HD).m4v,True
R:\сериалы\Agatha Christie's Poirot\Season 3,True
R:\сериалы\Agatha Christie's Poirot\Season 3\01 The Mysterious Affair at Styles (HD).m4v,True
R:\сериалы\Agatha Christie's Poirot\Season 3\02 How Does Your Garden Grow_ (HD).m4v,True
R:\сериалы\Agatha Christie's Poirot\Season 3\03 Million Dollar Bond (HD).m4v,True
R:\сериалы\Agatha Christie's Poirot\Season 3\04 Plymouth Express (HD).m4v,True
R:\сериалы\Agatha Christie's Poirot\Season 3\05 Wasps Nest (HD).m4v,True
R:\сериалы\Agatha Christie's Poirot\Season 3\06 Tragedy at Marsdon (HD).m4v,True
R:\сериалы\Agatha Christie's Poirot\Season 3\07 Double Clue (HD).m4v,True
R:\сериалы\Agatha Christie's Poirot\Season 3\08 Mystery of the Spanish Chest (HD).m4v,True
R:\сериалы\Agatha Christie's Poirot\Season 3\09 Theft of Royal Ruby (HD).m4v,True
R:\сериалы\Agatha Christie's Poirot\Season 3\10 Affair at the Victory Ball (HD).m4v,True
R:\сериалы\Agatha Christie's Poirot\Season 3\11 Mystery of Hunter's Lodge (HD).m4v,True
R:\сериалы\Agatha Christie's Poirot\Season 4,True
R:\сериалы\Agatha Christie's Poirot\Season 4\01 The ABC Murders (HD).m4v,True
R:\сериалы\Agatha Christie's Poirot\Season 4\02 Death in the Clouds (HD).m4v,True
"R:\сериалы\Agatha Christie's Poirot\Season 4\03 One, Two, Buckle My Shoe (HD).m4v",True
R:\сериалы\Agatha Christie's Poirot\Season 5,True
R:\сериалы\Agatha Christie's Poirot\Season 5\01 The Adventure of the Egyptian Tomb (HD).m4v,True
R:\сериалы\Agatha Christie's Poirot\Season 5\02 The Underdog (HD).m4v,True
R:\сериалы\Agatha Christie's Poirot\Season 5\03 Yellow Iris (HD).m4v,True
R:\сериалы\Agatha Christie's Poirot\Season 5\04 The Case of the Missing Will (HD).m4v,True
R:\сериалы\Agatha Christie's Poirot\Season 5\05 The Adventures of the Italian Nobleman (HD).m4v,True
R:\сериалы\Agatha Christie's Poirot\Season 5\06 The Chocolate Box (HD).m4v,True
R:\сериалы\Agatha Christie's Poirot\Season 5\07 Dead Man's Mirror (HD).m4v,True
R:\сериалы\Agatha Christie's Poirot\Season 5\08 Jewel Robbery At the Grand Metropolitan (HD).m4v,True
R:\сериалы\Agatha Christie's Poirot\Season 6,True
R:\сериалы\Agatha Christie's Poirot\Season 6\01 Hercule Poirot's Christmas (HD).m4v,True
R:\сериалы\Agatha Christie's Poirot\Season 6\02 Hickory Dickory Dock (HD).m4v,True
R:\сериалы\Agatha Christie's Poirot\Season 6\03 Murder On the Links (HD).m4v,True
R:\сериалы\Agatha Christie's Poirot\Season 6\04 Dumb Witness (HD).m4v,True
R:\сериалы\Agatha Christie's Poirot\Season 7,True
R:\сериалы\Agatha Christie's Poirot\Season 7\01 The Murder of Roger Ackroyd (HD).m4v,True
R:\сериалы\Agatha Christie's Poirot\Season 7\02 Lord Edgware Dies (HD).m4v,True
R:\сериалы\Agatha Christie's Poirot\Season 8,True
R:\сериалы\Agatha Christie's Poirot\Season 8\01 Evil Under the Sun (HD).m4v,True
R:\сериалы\Agatha Christie's Poirot\Season 8\02 Murder In Mesopotamia (HD).m4v,True
R:\сериалы\Agatha Christie's Poirot\Season 9,True
R:\сериалы\Agatha Christie's Poirot\Season 9\01 Five Little Pigs (HD).m4v,True
R:\сериалы\Agatha Christie's Poirot\Season 9\02 Sad Cypress (HD).m4v,True
R:\сериалы\Agatha Christie's Poirot\Season 9\03 Death On the Nile (HD).m4v,True
R:\сериалы\Agatha Christie's Poirot\Season 9\04 The Hollow (HD).m4v,True
R:\сериалы\Babylon.Berlin\Babylon Berlin. Season 1 (WEBRip l 720p l Jaskier),True
R:\сериалы\Babylon.Berlin\Babylon Berlin. Season 1 (WEBRip l 720p l Jaskier)\Babylon.Berlin.S01E01.720p.NF.DD5.1.x264-Jaskier.mkv,True
R:\сериалы\Babylon.Berlin\Babylon Berlin. Season 1 (WEBRip l 720p l Jaskier)\Babylon.Berlin.S01E02.720p.NF.DD5.1.x264-Jaskier.mkv,True
R:\сериалы\Babylon.Berlin\Babylon Berlin. Season 1 (WEBRip l 720p l Jaskier)\Babylon.Berlin.S01E03.720p.NF.DD5.1.x264-Jaskier.mkv,True
R:\сериалы\Babylon.Berlin\Babylon Berlin. Season 1 (WEBRip l 720p l Jaskier)\Babylon.Berlin.S01E04.720p.NF.DD5.1.x264-Jaskier.mkv,True
R:\сериалы\Babylon.Berlin\Babylon Berlin. Season 1 (WEBRip l 720p l Jaskier)\Babylon.Berlin.S01E05.720p.NF.DD5.1.x264-Jaskier.mkv,True
R:\сериалы\Babylon.Berlin\Babylon Berlin. Season 1 (WEBRip l 720p l Jaskier)\Babylon.Berlin.S01E06.720p.NF.DD5.1.x264-Jaskier.mkv,True
R:\сериалы\Babylon.Berlin\Babylon Berlin. Season 1 (WEBRip l 720p l Jaskier)\Babylon.Berlin.S01E07.720p.NF.DD5.1.x264-Jaskier.mkv,True
R:\сериалы\Babylon.Berlin\Babylon Berlin. Season 1 (WEBRip l 720p l Jaskier)\Babylon.Berlin.S01E08.720p.NF.DD5.1.x264-Jaskier.mkv,True
R:\сериалы\Mad Men\Season 1,True
R:\сериалы\Mad Men\Season 1\Mad.Men.s01e01.avi,True
R:\сериалы\Mad Men\Season 1\Mad.Men.s01e02.avi,True
R:\сериалы\Mad Men\Season 1\Mad.Men.s01e03.avi,True
R:\сериалы\Mad Men\Season 1\Mad.Men.s01e04.avi,True
R:\сериалы\Mad Men\Season 1\Mad.Men.s01e05.avi,True
R:\сериалы\Mad Men\Season 1\Mad.Men.s01e06.avi,True
R:\сериалы\Mad Men\Season 1\Mad.Men.s01e07.avi,True
R:\сериалы\Mad Men\Season 1\Mad.Men.s01e08.avi,True
R:\сериалы\Mad Men\Season 1\Mad.Men.s01e09.avi,True
R:\сериалы\Mad Men\Season 1\Mad.Men.s01e10.avi,True
R:\сериалы\Mad Men\Season 1\Mad.Men.s01e11.avi,True
R:\сериалы\Mad Men\Season 1\Mad.Men.s01e12.avi,True
R:\сериалы\Mad Men\Season 1\Mad.Men.s01e13.avi,True
R:\сериалы\Mad Men\Season 2,True
R:\сериалы\Mad Men\Season 2\Mad.Men.s02e01.avi,True
R:\сериалы\Mad Men\Season 2\Mad.Men.s02e02.avi,True
R:\сериалы\Mad Men\Season 2\Mad.Men.s02e03.avi,True
R:\сериалы\Mad Men\Season 2\Mad.Men.s02e04.avi,True
R:\сериалы\Mad Men\Season 2\Mad.Men.s02e05.avi,True
R:\сериалы\Mad Men\Season 2\Mad.Men.s02e06.avi,True
R:\сериалы\Mad Men\Season 2\Mad.Men.s02e07.avi,True
R:\сериалы\Mad Men\Season 2\Mad.Men.s02e08.avi,True
R:\сериалы\Mad Men\Season 2\Mad.Men.s02e09.avi,True
R:\сериалы\Mad Men\Season 2\Mad.Men.s02e10.avi,True
R:\сериалы\Mad Men\Season 2\Mad.Men.s02e11.avi,True
R:\сериалы\Mad Men\Season 2\Mad.Men.s02e12.avi,True
R:\сериалы\Mad Men\Season 2\Mad.Men.s02e13.avi,True
R:\сериалы\Mad Men\Season 3,True
R:\сериалы\Mad Men\Season 3\Mad.Men.s03e01.avi,True
R:\сериалы\Mad Men\Season 3\Mad.Men.s03e02.avi,True
R:\сериалы\Mad Men\Season 3\Mad.Men.s03e03.avi,True
R:\сериалы\Mad Men\Season 3\Mad.Men.s03e04.avi,True
R:\сериалы\Mad Men\Season 3\Mad.Men.s03e05.avi,True
R:\сериалы\Mad Men\Season 3\Mad.Men.s03e06.avi,True
R:\сериалы\Mad Men\Season 3\Mad.Men.s03e07.avi,True
R:\сериалы\Mad Men\Season 3\Mad.Men.s03e08.avi,True
R:\сериалы\Mad Men\Season 3\Mad.Men.s03e09.avi,True
R:\сериалы\Mad Men\Season 3\Mad.Men.s03e10.avi,True
R:\сериалы\Mad Men\Season 3\Mad.Men.s03e11.avi,True
R:\сериалы\Mad Men\Season 3\Mad.Men.s03e12.avi,True
R:\сериалы\Mad Men\Season 3\Mad.Men.s03e13.avi,True
R:\сериалы\Mad Men\Season 4,True
R:\сериалы\Mad Men\Season 4\Mad.Men.s04e01.avi,True
R:\сериалы\Mad Men\Season 4\Mad.Men.s04e02.avi,True
R:\сериалы\Mad Men\Season 4\Mad.Men.s04e03.avi,True
R:\сериалы\Mad Men\Season 4\Mad.Men.s04e04.avi,True
R:\сериалы\Mad Men\Season 4\Mad.Men.s04e05.avi,True
R:\сериалы\Mad Men\Season 4\Mad.Men.s04e06.avi,True
R:\сериалы\Mad Men\Season 4\Mad.Men.s04e07.avi,True
R:\сериалы\Mad Men\Season 4\Mad.Men.s04e08.avi,True
R:\сериалы\Mad Men\Season 4\Mad.Men.s04e09.avi,True
R:\сериалы\Mad Men\Season 4\Mad.Men.s04e10.avi,True
R:\сериалы\Mad Men\Season 4\Mad.Men.s04e11.avi,True
R:\сериалы\Mad Men\Season 4\Mad.Men.s04e12.avi,True
R:\сериалы\Mad Men\Season 4\Mad.Men.s04e13.avi,True
R:\сериалы\Mad Men\Season 5,True
R:\сериалы\Mad Men\Season 5\Mad.Men.s05e01.avi,True
R:\сериалы\Mad Men\Season 5\Mad.Men.s05e02.avi,True
R:\сериалы\Mad Men\Season 5\Mad.Men.s05e03.avi,True
R:\сериалы\Mad Men\Season 5\Mad.Men.s05e04.avi,True
R:\сериалы\Mad Men\Season 5\Mad.Men.s05e05.avi,True
R:\сериалы\Mad Men\Season 5\Mad.Men.s05e06.avi,True
R:\сериалы\Mad Men\Season 5\Mad.Men.s05e07.avi,True
R:\сериалы\Mad Men\Season 5\Mad.Men.s05e08.avi,True
R:\сериалы\Mad Men\Season 5\Mad.Men.s05e09.avi,True
R:\сериалы\Mad Men\Season 5\Mad.Men.s05e10.avi,True
R:\сериалы\Mad Men\Season 5\Mad.Men.s05e11.avi,True
R:\сериалы\Mad Men\Season 5\Mad.Men.s05e12.avi,True
R:\сериалы\Mad Men\Season 5\Mad.Men.s05e13.avi,True
R:\сериалы\Mad Men\Season 6,True
R:\сериалы\Mad Men\Season 6\Mad.Men.s06e01.avi,True
R:\сериалы\Mad Men\Season 6\Mad.Men.s06e02.avi,True
R:\сериалы\Mad Men\Season 6\Mad.Men.s06e03.avi,True
R:\сериалы\Mad Men\Season 6\Mad.Men.s06e04.avi,True
R:\сериалы\Mad Men\Season 6\Mad.Men.s06e05.avi,True
R:\сериалы\Mad Men\Season 6\Mad.Men.s06e06.avi,True
R:\сериалы\Mad Men\Season 6\Mad.Men.s06e07.avi,True
R:\сериалы\Mad Men\Season 6\Mad.Men.s06e08.avi,True
R:\сериалы\Mad Men\Season 6\Mad.Men.s06e09.avi,True
R:\сериалы\Mad Men\Season 6\Mad.Men.s06e10.avi,True
R:\сериалы\Mad Men\Season 6\Mad.Men.s06e11.avi,True
R:\сериалы\Mad Men\Season 6\Mad.Men.s06e12.avi,True
R:\сериалы\Mad Men\Season 6\Mad.Men.s06e13.avi,True
R:\сериалы\Mad Men\Season 7,True
R:\сериалы\Mad Men\Season 7\Mad.Men.s07e01.avi,True
R:\сериалы\Mad Men\Season 7\Mad.Men.s07e02.avi,True
R:\сериалы\Mad Men\Season 7\Mad.Men.s07e03.avi,True
R:\сериалы\Mad Men\Season 7\Mad.Men.s07e04.avi,True
R:\сериалы\Mad Men\Season 7\Mad.Men.s07e05.avi,True
R:\сериалы\Mad Men\Season 7\Mad.Men.s07e06.avi,True
R:\сериалы\Mad Men\Season 7\Mad.Men.s07e07.avi,True
R:\сериалы\Mad Men\Season 7\Mad.Men.s07e08.avi,True
R:\сериалы\Mad Men\Season 7\Mad.Men.s07e09.avi,True
R:\сериалы\Mad Men\Season 7\Mad.Men.s07e10.avi,True
R:\сериалы\Mad Men\Season 7\Mad.Men.s07e11.avi,True
R:\сериалы\Mad Men\Season 7\Mad.Men.s07e12.avi,True
R:\сериалы\Mad Men\Season 7\Mad.Men.s07e13.avi,True
R:\сериалы\Mad Men\Season 7\Mad.Men.s07e14.avi,True
Y:\сериалы\Belgravia.The.Next.Chapter.S01.WEBDL.720p,True
Y:\сериалы\Berlin.and.the.Lady.with.an.Ermine.S01.WEB-DLRip.LF,True
Y:\сериалы\Black Bird 1 - LostFilm.TV [MP4],True
Y:\сериалы\Citadel. Honey Bunny 1 - LostFilm.TV [1080p],True
Y:\сериалы\City of God. The Fight Rages On 1 - LostFilm.TV [1080p],True
Y:\сериалы\Fleabag,True
Y:\сериалы\Fringe,True
Y:\сериалы\Fubar,True
Y:\сериалы\Halef.s01.WEB-DLRip1080p,True
Y:\сериалы\His and Hers 1 - LostFilm.TV [1080p],True
Y:\сериалы\Homeland,True
Y:\сериалы\I.Will.Find.You.S01.1080p.NF.WEB-DL.H.264-EniaHD,True
Y:\сериалы\Justified.S06.Jaskier.WEB-DLRip,True
Y:\сериалы\Kan Cicekleri.s01.WEB-DLRip720p,True
Y:\сериалы\Knives.Out.2019.DVO.HDRip,True
Y:\сериалы\Konec.sveta.S01.WEB-DLRip.25Kuzmich,True
Y:\сериалы\Last Resort 1 - LostFilm.TV [720p],True
Y:\сериалы\Last Samurai Standing 1 - LostFilm.TV [1080p],True
Y:\сериалы\Les Miserables 1 - LostFilm.TV [1080p],True
Y:\сериалы\LEVIATHAN.1989.US.BD,True
Y:\сериалы\Line.of.Duty.XviD.TVShows,True
X:\сериалы\Schmigadoon! (Season 1-2)\Season 1,True
X:\сериалы\Shameless (US). Full HD BD-Remux by Wild_Cat\Shameless. Season 01 (2011) Full HD BD-Remux by Wild_Cat,True
X:\сериалы\Shameless (US). Full HD BD-Remux by Wild_Cat\Shameless. Season 01 (2011) Full HD BD-Remux by Wild_Cat\Shameless. Season 01. Episode 01. Full HD BD-Remux by Wild_Cat.mkv,True
X:\сериалы\Shameless (US). Full HD BD-Remux by Wild_Cat\Shameless. Season 01 (2011) Full HD BD-Remux by Wild_Cat\Shameless. Season 01. Episode 02. Full HD BD-Remux by Wild_Cat.mkv,True
X:\сериалы\Shameless (US). Full HD BD-Remux by Wild_Cat\Shameless. Season 01 (2011) Full HD BD-Remux by Wild_Cat\Shameless. Season 01. Episode 03. Full HD BD-Remux by Wild_Cat.mkv,True
X:\сериалы\Shameless (US). Full HD BD-Remux by Wild_Cat\Shameless. Season 01 (2011) Full HD BD-Remux by Wild_Cat\Shameless. Season 01. Episode 04. Full HD BD-Remux by Wild_Cat.mkv,True
X:\сериалы\Shameless (US). Full HD BD-Remux by Wild_Cat\Shameless. Season 01 (2011) Full HD BD-Remux by Wild_Cat\Shameless. Season 01. Episode 10. Full HD BD-Remux by Wild_Cat.mkv,True
X:\сериалы\Shameless (US). Full HD BD-Remux by Wild_Cat\Shameless. Season 01 (2011) Full HD BD-Remux by Wild_Cat\Shameless. Season 01. Episode 12. Full HD BD-Remux by Wild_Cat.mkv,True
X:\сериалы\Shameless (US). Full HD BD-Remux by Wild_Cat\Shameless. Season 01 (2011) Full HD BD-Remux by Wild_Cat\Shameless. Season 01. Extras 01. Bringing Shameless to America. Full HD BD-Remux by Wild_Cat.mkv,True
X:\сериалы\Shameless (US). Full HD BD-Remux by Wild_Cat\Shameless. Season 02 (2012) Full HD BD-Remux by Wild_Cat,True
X:\сериалы\Shameless (US). Full HD BD-Remux by Wild_Cat\Shameless. Season 02 (2012) Full HD BD-Remux by Wild_Cat\Shameless. Season 02. Episode 04. Full HD BD-Remux by Wild_Cat.mkv,True
X:\сериалы\Shameless (US). Full HD BD-Remux by Wild_Cat\Shameless. Season 02 (2012) Full HD BD-Remux by Wild_Cat\Shameless. Season 02. Episode 05. Full HD BD-Remux by Wild_Cat.mkv,True
X:\сериалы\Shameless (US). Full HD BD-Remux by Wild_Cat\Shameless. Season 03 (2013) Full HD BD-Remux by Wild_Cat,True
X:\сериалы\Shameless (US). Full HD BD-Remux by Wild_Cat\Shameless. Season 03 (2013) Full HD BD-Remux by Wild_Cat\Shameless. Season 03. Episode 08. Full HD BD-Remux by Wild_Cat.mkv,True
X:\сериалы\Shameless (US). Full HD BD-Remux by Wild_Cat\Shameless. Season 07 (2016) Full HD BD-Remux by Wild_Cat,True
X:\сериалы\Shameless (US). Full HD BD-Remux by Wild_Cat\Shameless. Season 07 (2016) Full HD BD-Remux by Wild_Cat\Shameless. Season 07. Episode 05. Full HD BD-Remux by Wild_Cat.mkv,True
X:\сериалы\Shameless (US). Full HD BD-Remux by Wild_Cat\Shameless. Season 07 (2016) Full HD BD-Remux by Wild_Cat\Shameless. Season 07. Episode 07. Full HD BD-Remux by Wild_Cat.mkv,True
X:\сериалы\Shameless (US). Full HD BD-Remux by Wild_Cat\Shameless. Season 07 (2016) Full HD BD-Remux by Wild_Cat\Shameless. Season 07. Episode 10. Full HD BD-Remux by Wild_Cat.mkv,True
X:\сериалы\Shameless (US). Full HD BD-Remux by Wild_Cat\Shameless. Season 07 (2016) Full HD BD-Remux by Wild_Cat\Shameless. Season 07. Episode 11. Full HD BD-Remux by Wild_Cat.mkv,True
X:\сериалы\Shameless (US). Full HD BD-Remux by Wild_Cat\Shameless. Season 08 (2017-2018) Full HD BD-Remux by Wild_Cat,True
X:\сериалы\Shameless (US). Full HD BD-Remux by Wild_Cat\Shameless. Season 08 (2017-2018) Full HD BD-Remux by Wild_Cat\Shameless. Season 08. Episode 05. Full HD BD-Remux by Wild_Cat.mkv,True
X:\сериалы\Shameless (US). Full HD BD-Remux by Wild_Cat\Shameless. Season 08 (2017-2018) Full HD BD-Remux by Wild_Cat\Shameless. Season 08. Episode 12. Full HD BD-Remux by Wild_Cat.mkv,True
X:\сериалы\Shameless (US). Full HD BD-Remux by Wild_Cat\Shameless. Season 09 (2018-2019) Full HD BD-Remux by Wild_Cat,True
X:\сериалы\Shameless (US). Full HD BD-Remux by Wild_Cat\Shameless. Season 09 (2018-2019) Full HD BD-Remux by Wild_Cat\Shameless. Season 09. Episode 05. Full HD BD-Remux by Wild_Cat.mkv,True
X:\сериалы\Shameless (US). Full HD BD-Remux by Wild_Cat\Shameless. Season 09 (2018-2019) Full HD BD-Remux by Wild_Cat\Shameless. Season 09. Episode 12. Full HD BD-Remux by Wild_Cat.mkv,True
X:\сериалы\Shameless (US). Full HD BD-Remux by Wild_Cat\Shameless. Season 09 (2018-2019) Full HD BD-Remux by Wild_Cat\Shameless. Season 09. Episode 13. Full HD BD-Remux by Wild_Cat.mkv,True
X:\сериалы\Shameless (US). Full HD BD-Remux by Wild_Cat\Shameless. Season 09 (2018-2019) Full HD BD-Remux by Wild_Cat\Shameless. Season 09. Episode 14. Full HD BD-Remux by Wild_Cat.mkv,True
X:\сериалы\Shameless (US). Full HD BD-Remux by Wild_Cat\Shameless. Season 10 (2019-2020) Full HD BD-Remux by Wild_Cat,True
X:\сериалы\Shameless (US). Full HD BD-Remux by Wild_Cat\Shameless. Season 10 (2019-2020) Full HD BD-Remux by Wild_Cat\Shameless. Season 10. Episode 02. Full HD BD-Remux by Wild_Cat.mkv,True
X:\сериалы\Shameless (US). Full HD BD-Remux by Wild_Cat\Shameless. Season 10 (2019-2020) Full HD BD-Remux by Wild_Cat\Shameless. Season 10. Episode 07. Full HD BD-Remux by Wild_Cat.mkv,True
X:\сериалы\Shameless (US). Full HD BD-Remux by Wild_Cat\Shameless. Season 10 (2019-2020) Full HD BD-Remux by Wild_Cat\Shameless. Season 10. Episode 11. Full HD BD-Remux by Wild_Cat.mkv,True
X:\сериалы\Shameless (US). Full HD BD-Remux by Wild_Cat\Shameless. Season 11 (2020-2021) Full HD BD-Remux by Wild_Cat,True
X:\сериалы\Shameless (US). Full HD BD-Remux by Wild_Cat\Shameless. Season 11 (2020-2021) Full HD BD-Remux by Wild_Cat\Shameless. Season 11. Episode 07. Full HD BD-Remux by Wild_Cat.mkv,True
X:\сериалы\The.Last.Kingdom.2015.bdrip_[teko]\Season_01,True
X:\сериалы\The.Last.Kingdom.2015.bdrip_[teko]\Season_01\s01e01.avi,True
X:\сериалы\The.Last.Kingdom.2015.bdrip_[teko]\Season_01\s01e02.avi,True
X:\сериалы\The.Last.Kingdom.2015.bdrip_[teko]\Season_01\s01e03.avi,True
X:\сериалы\The.Last.Kingdom.2015.bdrip_[teko]\Season_01\s01e04.avi,True
X:\сериалы\The.Last.Kingdom.2015.bdrip_[teko]\Season_01\s01e05.avi,True
X:\сериалы\The.Last.Kingdom.2015.bdrip_[teko]\Season_01\s01e06.avi,True
X:\сериалы\The.Last.Kingdom.2015.bdrip_[teko]\Season_01\s01e07.avi,True
X:\сериалы\The.Last.Kingdom.2015.bdrip_[teko]\Season_01\s01e08.avi,True
X:\сериалы\The.Last.Kingdom.2015.bdrip_[teko]\Season_02,True
X:\сериалы\The.Last.Kingdom.2015.bdrip_[teko]\Season_02\s02e01.avi,True
X:\сериалы\The.Last.Kingdom.2015.bdrip_[teko]\Season_02\s02e02.avi,True
X:\сериалы\The.Last.Kingdom.2015.bdrip_[teko]\Season_02\s02e03.avi,True
X:\сериалы\The.Last.Kingdom.2015.bdrip_[teko]\Season_02\s02e04.avi,True
X:\сериалы\The.Last.Kingdom.2015.bdrip_[teko]\Season_02\s02e05.avi,True
X:\сериалы\The.Last.Kingdom.2015.bdrip_[teko]\Season_02\s02e06.avi,True
X:\сериалы\The.Last.Kingdom.2015.bdrip_[teko]\Season_02\s02e07.avi,True
X:\сериалы\The.Last.Kingdom.2015.bdrip_[teko]\Season_02\s02e08.avi,True
X:\сериалы\The.Last.Kingdom.2015.bdrip_[teko]\Season_03,True
X:\сериалы\The.Last.Kingdom.2015.bdrip_[teko]\Season_03\s03e01.avi,True
X:\сериалы\The.Last.Kingdom.2015.bdrip_[teko]\Season_03\s03e02.avi,True
X:\сериалы\The.Last.Kingdom.2015.bdrip_[teko]\Season_03\s03e03.avi,True
X:\сериалы\The.Last.Kingdom.2015.bdrip_[teko]\Season_03\s03e04.avi,True
X:\сериалы\The.Last.Kingdom.2015.bdrip_[teko]\Season_03\s03e05.avi,True
X:\сериалы\The.Last.Kingdom.2015.bdrip_[teko]\Season_03\s03e06.avi,True
X:\сериалы\The.Last.Kingdom.2015.bdrip_[teko]\Season_03\s03e07.avi,True
X:\сериалы\The.Last.Kingdom.2015.bdrip_[teko]\Season_03\s03e08.avi,True
X:\сериалы\The.Last.Kingdom.2015.bdrip_[teko]\Season_03\s03e09.avi,True
X:\сериалы\The.Last.Kingdom.2015.bdrip_[teko]\Season_03\s03e10.avi,True
X:\сериалы\The.Last.Kingdom.2015.bdrip_[teko]\Season_04,True
X:\сериалы\The.Last.Kingdom.2015.bdrip_[teko]\Season_04\s04e01.avi,True
X:\сериалы\The.Last.Kingdom.2015.bdrip_[teko]\Season_04\s04e02.avi,True
X:\сериалы\The.Last.Kingdom.2015.bdrip_[teko]\Season_04\s04e03.avi,True
X:\сериалы\The.Last.Kingdom.2015.bdrip_[teko]\Season_04\s04e04.avi,True
X:\сериалы\The.Last.Kingdom.2015.bdrip_[teko]\Season_04\s04e05.avi,True
X:\сериалы\The.Last.Kingdom.2015.bdrip_[teko]\Season_04\s04e06.avi,True
X:\сериалы\The.Last.Kingdom.2015.bdrip_[teko]\Season_04\s04e07.avi,True
X:\сериалы\The.Last.Kingdom.2015.bdrip_[teko]\Season_04\s04e08.avi,True
X:\сериалы\The.Last.Kingdom.2015.bdrip_[teko]\Season_04\s04e09.avi,True
X:\сериалы\The.Last.Kingdom.2015.bdrip_[teko]\Season_04\s04e10.avi,True
X:\сериалы\The.Last.Kingdom.2015.bdrip_[teko]\Season_05,True
X:\сериалы\The.Last.Kingdom.2015.bdrip_[teko]\Season_05\s05e01.avi,True
X:\сериалы\The.Last.Kingdom.2015.bdrip_[teko]\Season_05\s05e02.avi,True
X:\сериалы\The.Last.Kingdom.2015.bdrip_[teko]\Season_05\s05e03.avi,True
X:\сериалы\The.Last.Kingdom.2015.bdrip_[teko]\Season_05\s05e04.avi,True
X:\сериалы\The.Last.Kingdom.2015.bdrip_[teko]\Season_05\s05e05.avi,True
X:\сериалы\The.Last.Kingdom.2015.bdrip_[teko]\Season_05\s05e06.avi,True
X:\сериалы\The.Last.Kingdom.2015.bdrip_[teko]\Season_05\s05e07.avi,True
X:\сериалы\The.Last.Kingdom.2015.bdrip_[teko]\Season_05\s05e08.avi,True
X:\сериалы\The.Last.Kingdom.2015.bdrip_[teko]\Season_05\s05e09.avi,True
X:\сериалы\The.Last.Kingdom.2015.bdrip_[teko]\Season_05\s05e10.avi,True
X:\сериалы\White.Collar.Dub\Season 1,True
Y:\сериалы\Mechta Esrefa,True
Y:\сериалы\Na voyne kak na voyne,True
Y:\сериалы\Nevskiy.WEB-DL.(1080p).lunkin,True
Y:\сериалы\Queen of the South 5 - LostFilm.TV [1080p],True
Y:\сериалы\Scrubs Season 2 1080 AI,True
Y:\сериалы\Scrubs Season 3 1080 AI,True
Y:\сериалы\Scrubs Season 4 1080 AI,True
Y:\сериалы\Severance 2 - LostFilm.TV [1080p],True
Y:\сериалы\six feet under,True
Y:\сериалы\Barry\Барри. 4 сезон. 2023 (WEB-DL 1080p),True
Y:\сериалы\Barry\Барри. 4 сезон. 2023 (WEB-DL 1080p)\Barry.s04e01. Опять.mkv,True
Y:\сериалы\Barry\Барри. 4 сезон. 2023 (WEB-DL 1080p)\Barry.s04e03. Ты очаровательна.mkv,True
Y:\сериалы\Barry\Барри. 4 сезон. 2023 (WEB-DL 1080p)\Barry.s04e04. Для этого нужен псих.mkv,True
Y:\сериалы\Barry\Барри. 4 сезон. 2023 (WEB-DL 1080p)\Barry.s04e05. Сложное наследие.mkv,True
Y:\сериалы\Barry\Барри. 4 сезон. 2023 (WEB-DL 1080p)\Barry.s04e06. Чародей.mkv,True
Y:\сериалы\Barry\Барри. 4 сезон. 2023 (WEB-DL 1080p)\Barry.s04e07. Вкусная еда.mkv,True
Y:\сериалы\Barry\Барри. 4 сезон. 2023 (WEB-DL 1080p)\Barry.s04e08. Круто.mkv,True
Y:\сериалы\six feet under\season 1,True
Y:\сериалы\six feet under\season 1\six feet under.s01e01 (rus).avi,True
Y:\сериалы\six feet under\season 1\six feet under.s01e02 (rus).avi,True
Y:\сериалы\six feet under\season 1\six feet under.s01e03 (rus).avi,True
Y:\сериалы\six feet under\season 1\six feet under.s01e04 (rus).avi,True
Y:\сериалы\six feet under\season 1\six feet under.s01e05 (rus).avi,True
Y:\сериалы\six feet under\season 1\six feet under.s01e06 (rus).avi,True
Y:\сериалы\six feet under\season 1\six feet under.s01e07 (rus).avi,True
Y:\сериалы\six feet under\season 1\six feet under.s01e08 (rus).avi,True
Y:\сериалы\six feet under\season 1\six feet under.s01e09 (rus).avi,True
Y:\сериалы\six feet under\season 1\six feet under.s01e10 (rus).avi,True
Y:\сериалы\six feet under\season 1\six feet under.s01e11 (rus).avi,True
Y:\сериалы\six feet under\season 1\six feet under.s01e12 (rus).avi,True
Y:\сериалы\six feet under\season 1\six feet under.s01e13 (rus).avi,True
